# Blender 5.1.1
# www.blender.org
mtllib SkeletonKeyDec2.mtl
o obj_1_Assembly_A
v 3.438413 -1.517201 0.085481
v 3.060894 -1.936187 0.013070
v -2.394313 2.177833 0.240367
v -1.864425 2.538731 0.292231
v -1.572106 2.798383 0.076129
v -1.699687 2.576050 0.705253
v -1.335750 2.962322 0.031265
v -1.795078 2.452000 0.849444
v -1.372001 2.915024 0.396360
v -0.917663 3.159274 -0.244367
v -1.123547 3.074818 0.233370
v -1.817706 2.312529 1.049496
v -1.860660 2.307052 1.144623
v -1.628913 2.316159 1.297163
v -0.836199 3.188147 0.252369
v -0.920594 3.116102 0.619891
v -0.920230 2.896334 1.275922
v -1.184146 2.950077 0.733506
v -1.479548 2.328705 1.573984
v -1.429564 2.372300 1.481965
v -0.579766 3.239212 0.548267
v -0.568255 3.174777 0.979680
v -1.191413 2.271472 1.918097
v -1.197833 2.313664 1.799890
v -0.684586 3.044898 1.238055
v -0.328203 3.317361 0.318672
v -0.077700 3.277998 1.015350
v -0.887582 2.580228 1.767845
v 0.148170 3.358624 0.680388
v -0.543799 2.846585 1.717711
v -0.221536 3.191770 1.271274
v 0.396299 3.260453 1.239790
v -0.296623 3.023777 1.607045
v -0.120601 2.873210 1.922601
v 0.019405 3.006265 1.794137
v 0.474318 3.117044 1.634913
v 0.160776 3.186198 1.439750
v 0.518717 3.335043 0.932491
v -0.544740 2.603210 1.957636
v 0.888423 3.182153 1.383259
v 0.079498 2.513396 2.330533
v 0.390817 2.683668 2.270054
v 0.420959 2.885931 2.043652
v 0.993813 3.006319 1.739759
v 0.470008 2.566122 2.367148
v 0.850753 2.536902 2.371276
v 0.983398 2.777024 2.094023
v 0.586996 2.351645 2.511091
v 0.237550 2.130595 2.619158
v 0.646299 2.171099 2.587817
v 0.935814 2.278094 2.518502
v 0.611461 1.932719 2.613441
v 1.477777 2.671880 2.042983
v 1.510267 2.852175 1.780841
v 0.948959 1.845701 2.629614
v 1.109776 1.981097 2.603628
v 1.198627 2.400225 2.403077
v 1.392100 2.446872 2.309519
v 1.725054 1.683726 2.611353
v 0.632504 1.305716 2.635740
v 1.731026 1.946662 2.520607
v 0.985627 1.250486 2.675102
v 1.566329 0.877318 2.729897
v 1.610110 1.489352 2.657082
v 2.010405 1.385901 2.604723
v 2.107056 1.885873 2.372232
v 2.419672 1.575197 2.329434
v 2.059738 1.635812 2.516891
v 1.886183 0.721957 2.717270
v 2.347147 1.305339 2.483404
v 1.854423 0.226595 2.796333
v 2.183851 0.558606 2.673946
v 2.500416 0.112241 2.611260
v 2.560581 0.606731 2.526928
v 2.879860 0.606073 2.327693
v 2.842464 0.186013 2.423277
v 2.279550 -0.164565 2.714640
v 2.593664 -0.406099 2.586353
v 3.036334 -0.061117 2.285723
v 3.184707 0.472144 2.088083
v 2.808379 -0.409016 2.456963
v 2.691322 -0.955472 2.437237
v 3.028331 -0.487297 2.251568
v 3.378097 0.078487 1.915718
v 3.318073 -0.817283 1.721763
v 3.080057 -0.793446 2.088714
v 2.864347 -0.996222 2.255058
v 3.338691 -0.426489 1.891144
v 3.413609 -1.011615 1.370110
v 3.228693 -1.326891 1.358378
v 3.272222 -1.437932 1.076128
v 2.978750 -1.244806 1.929171
v 3.648622 -0.587560 1.274680
v 3.546198 -1.118027 0.909446
v 2.859878 -1.701621 1.539421
v 3.063018 -1.769701 0.897003
v 2.776172 -2.056815 0.853958
v 3.333604 -1.526446 0.697611
v 3.749521 -0.723271 0.915260
v 3.259271 -1.700405 0.408635
v 2.926109 -2.025887 0.345179
v 3.754649 -0.888024 0.610997
v 2.673292 -2.234339 -0.012269
v 2.510525 -2.309508 0.608165
v 2.264448 -2.487080 0.450264
v 2.251782 -2.506161 -0.286727
v 2.042969 -2.569405 0.837780
v 1.872358 -2.684005 0.226347
v 2.072103 -2.603221 -0.077011
v 2.080767 -2.473410 1.184198
v 1.806630 -2.606495 1.146181
v 1.710333 -2.699006 0.779802
v 1.529387 -2.655985 1.217352
v 1.442297 -2.764733 0.334925
v 1.332647 -2.701826 1.056543
v 1.217698 -2.578407 1.546479
v 1.620984 -2.540563 1.545957
v 1.954298 -2.417158 1.550504
v 1.677045 -2.369893 1.891476
v 1.237484 -2.743136 0.657482
v 1.060827 -2.411627 1.925446
v 1.336961 -2.431725 1.886809
v 0.888628 -2.687189 0.623384
v 1.001634 -2.637823 1.223023
v 0.667256 -2.541374 1.360097
v 1.323115 -2.229399 2.191688
v 0.869119 -2.502695 1.649477
v 0.525654 -2.191131 2.202951
v 0.397167 -2.300510 1.936117
v 0.364461 -2.426994 1.478224
v 0.399650 -1.938309 2.477345
v 0.145268 -2.313473 1.558061
v 0.642418 -1.811656 2.576779
v 0.994570 -1.653551 2.650863
v 0.060673 -2.034152 2.296021
v -0.008823 -2.165485 1.752054
v -0.079925 -1.858210 2.523154
v 0.397075 -1.700964 2.704401
v 0.199331 -1.793055 2.641042
v 0.133916 -1.673923 2.821402
v -0.032541 -2.028735 2.243490
v -0.189134 -1.826673 2.313804
v -0.216981 -1.646234 2.524862
v -0.250257 -1.548188 2.652072
v -0.171353 -1.670696 2.697786
v -0.226997 -1.646867 2.676126
v -0.339641 -1.606074 2.755127
v 0.039457 -1.561018 2.945653
v 0.240368 -1.248267 2.983865
v 0.307351 -1.451503 2.881825
v -0.201699 -1.505908 3.028051
v -0.222135 -1.146780 3.173800
v -0.409034 -1.596662 2.829648
v -0.232603 -1.536703 2.575309
v -0.327631 -1.518998 2.378237
v -0.367907 -1.275205 2.437762
v -0.213843 -1.325827 2.566599
v -0.266036 -1.201234 2.691281
v -0.546001 -1.229186 2.799648
v -0.530112 -1.434144 2.780550
v -0.551404 -0.900183 2.974724
v -0.218215 -0.977276 2.827369
v -0.127066 -0.971207 2.659112
v -0.032431 -0.864809 2.754860
v -0.179860 -1.133352 2.551069
v -0.239049 -1.049071 2.512636
v -0.011369 -0.898679 2.842901
v 0.142602 -0.779750 2.848985
v -0.028745 -0.984927 3.062582
v -0.589004 -0.945173 2.921154
v -0.864735 -0.840326 3.078086
v -1.042510 -0.834177 2.951410
v -0.192241 -1.010142 3.181860
v 0.160266 -0.967087 3.040586
v 0.388683 -0.728365 2.918368
v -0.648052 -1.071210 3.245478
v -0.573862 -0.973990 3.217834
v -1.385360 -0.721683 3.003907
v -1.181675 -1.326016 3.135312
v -0.555123 -1.469414 3.065470
v -0.576874 -1.271234 3.177967
v -0.809267 -1.446513 3.045780
v -1.146307 -1.426190 3.074380
v -1.527252 -0.950904 3.212407
v -1.262658 -0.892433 3.238278
v -1.078211 -1.142073 2.785799
v -1.340646 -1.160024 2.704725
v -1.377366 -1.482718 2.977553
v -1.276182 -1.468949 2.885064
v -0.869852 -1.489004 2.870355
v -1.382942 -1.401535 2.797554
v -1.535180 -0.853210 3.218738
v -1.300660 -0.750156 2.917072
v -1.524678 -0.555385 2.858373
v -1.507501 -0.632038 2.718932
v -1.592185 -0.515220 2.968068
v -1.549025 -0.675330 3.050989
v -1.818647 -0.840899 3.154934
v -1.526353 -1.364711 2.649023
v -1.554332 -1.024708 2.517530
v -1.468191 -0.842491 2.435494
v -1.793538 -1.521853 2.849258
v -1.707509 -1.461940 2.551230
v -1.638614 -1.241444 2.417902
v -1.493396 -1.173859 2.245547
v -1.372322 -0.550155 2.451101
v -1.472200 -0.385547 2.623015
v -1.422433 -0.566541 2.485089
v -1.566042 -0.314308 2.864406
v -1.823580 -0.215417 2.927964
v -1.153800 -0.880091 2.282020
v -1.075828 -0.472606 2.486000
v -1.072858 -0.069502 2.570255
v -1.303010 -0.262182 2.518931
v -1.421595 -0.066271 2.825802
v -1.713127 0.014765 2.793516
v -1.136908 0.032794 2.626300
v -0.909687 -0.776819 2.367838
v -0.605134 -0.365393 2.629871
v -0.623054 0.095467 2.623461
v -1.460205 -0.020923 2.846375
v -0.337414 -0.597244 2.624183
v -0.897670 0.376162 2.604551
v -1.128458 0.306986 2.902721
v -0.498957 -0.228837 2.676785
v -0.161856 -0.393837 2.749594
v -0.324089 -0.085612 2.705518
v -0.414940 0.738200 2.504738
v -0.841198 0.389784 2.579812
v -0.051659 0.625860 2.590785
v 0.228130 -0.160472 2.906176
v 0.452015 0.194974 2.858664
v 0.513941 -0.188820 2.956833
v 0.545856 0.950900 2.678132
v -0.083814 0.950905 2.531463
v 1.024559 0.986554 2.717082
v 0.336023 1.306082 2.592399
v 0.906099 0.440906 2.859479
v 1.272689 0.268316 2.882318
v 1.478271 0.007508 2.884913
v 1.720223 -0.241998 2.854912
v 0.930166 -0.253508 2.968163
v 0.383396 -0.463669 2.914735
v 0.533107 -0.733743 2.932648
v 0.589705 -0.956319 2.927765
v 0.031980 -0.595859 2.781781
v 1.726236 -1.171852 2.766348
v 1.466845 -0.794404 2.865782
v 0.736441 -1.070628 2.892216
v 1.061807 -1.365065 2.771643
v 1.682410 -1.520634 2.665937
v 2.272468 -1.752926 2.307964
v 2.132493 -1.288132 2.644099
v 2.102214 -1.568401 2.533371
v 1.499264 -1.830422 2.517612
v 1.784250 -1.882668 2.437010
v 2.264348 -1.891729 2.168145
v 1.349534 -2.065300 2.348764
v 1.621466 -2.168498 2.196380
v 1.921772 -1.952045 2.333311
v 1.918363 -2.192808 2.027463
v 2.180694 -2.133325 1.895706
v 2.474447 -1.930216 1.843538
v 0.724832 -1.384646 2.815257
v 2.237730 -2.245106 1.569931
v 2.675072 -1.956336 1.395855
v 2.444130 -2.246830 1.142251
v 2.813309 -1.556992 1.854467
v 2.643622 -1.519914 2.154366
v 2.559318 -1.350186 2.371726
v 2.489074 -0.911258 2.585760
v 2.441591 -1.217552 2.520494
v 2.281294 -0.970635 2.667379
v 2.341841 -0.588617 2.689864
v 2.016295 -0.864878 2.762537
v 2.025861 -0.466221 2.787406
v -0.157991 -0.757430 2.653991
v -0.503879 -1.142388 2.426984
v -0.770972 -1.185729 2.316784
v -0.929957 -1.440671 2.119327
v -0.371108 -1.664595 2.213866
v -0.554291 -1.485097 2.238027
v -1.035542 -1.202249 2.215763
v -1.232552 -1.426470 2.087291
v -1.228547 -1.577060 1.919305
v -0.591405 -1.692468 1.963567
v -0.345677 -1.790503 2.065589
v -0.982427 -1.611063 1.908458
v -1.741030 -1.455133 2.118161
v -1.295898 -1.245205 2.176224
v -1.632372 -1.397583 2.163870
v -1.613434 -1.572394 1.936643
v -1.132221 -1.726914 1.545331
v -1.839965 -1.615964 1.751678
v -1.855475 -1.682864 1.557868
v -0.846009 -1.764957 1.639029
v -0.625071 -1.950907 1.418615
v -0.361997 -1.997392 1.548178
v -1.629876 -1.714737 1.308134
v -1.720505 -1.785160 1.139402
v -1.950496 -1.679845 1.644022
v -1.253297 -1.847221 1.072026
v -1.904665 -1.933327 1.238536
v -1.328991 -1.941241 0.771581
v -0.399582 -2.087135 1.249164
v -1.051820 -2.000163 0.806519
v -1.725929 -1.981508 0.899320
v -1.795625 -2.145408 0.875149
v -1.678863 -2.016487 0.749092
v -1.527323 -1.937734 0.777727
v -0.299916 -2.334694 0.465134
v -1.354598 -2.024740 0.389480
v -1.636218 -2.021210 0.438332
v -1.894123 -2.390983 0.873736
v -1.954217 -2.467887 0.480061
v -1.735800 -2.097891 0.522989
v -1.819569 -2.151176 0.001618
v -1.727083 -2.049155 0.003764
v -0.911147 -2.207093 0.047655
v -1.350237 -2.067322 -0.011916
v -1.546485 -2.025851 0.159316
v -1.996637 -2.454446 -0.020707
v -2.077277 -2.503844 -0.077708
v -2.391169 -2.563819 0.446279
v -2.226946 -2.541454 -0.116680
v -2.192997 -2.559767 0.367144
v -2.419943 -2.511205 0.077241
v -2.418463 -2.511659 -0.099515
v -3.681496 -0.290318 -0.000618
v -3.749344 -0.344524 -0.001736
v -3.704370 -0.501856 0.306022
v -3.471169 -0.502660 -0.026140
v -3.374304 -0.563348 -0.130315
v -3.225574 -0.568254 -0.142568
v -3.083574 -0.499692 -0.054050
v -3.129984 -0.546363 0.052524
v -3.433943 -0.543644 0.168625
v -3.571913 -0.504364 0.275332
v -3.796775 -0.564308 0.316026
v -3.867806 -0.559968 0.005079
v -3.680694 -0.416123 0.526854
v -3.229202 -0.567987 0.145104
v -3.031346 -0.421005 0.036767
v -3.032331 0.488057 0.047245
v -3.021518 0.404648 -0.058114
v -2.988276 -0.146020 0.046145
v -3.193353 -0.400768 0.223509
v -3.626556 -0.268315 0.598909
v -3.822562 -0.654793 0.545142
v -3.404655 -0.160084 0.458699
v -3.428433 -0.372933 0.397926
v -3.641005 -0.164682 0.684029
v -3.376092 0.179463 0.387461
v -3.277421 0.468104 0.313393
v -3.069545 0.667874 0.000093
v -3.580762 -0.377543 0.867551
v -3.466006 -0.086447 0.854217
v -3.606195 -0.119669 0.747309
v -3.572187 0.068842 0.602172
v -3.559287 -0.073436 0.525917
v -3.495807 0.554775 0.424673
v -3.461635 0.388781 0.412338
v -3.455727 0.335255 0.621877
v -3.289539 -0.471036 1.131819
v -3.069700 0.055129 1.002436
v -3.010605 0.425821 0.737769
v -3.402606 0.566576 0.512287
v -3.380764 1.021640 0.200378
v -3.014062 0.541427 0.653608
v -2.888716 0.233452 0.963606
v -3.119491 -0.144147 1.085333
v -2.669708 0.388847 0.811098
v -2.561591 0.201381 1.157873
v -2.963258 0.831529 0.537174
v -3.285877 0.586060 0.564326
v -2.423239 0.196309 1.147206
v -2.743775 0.174198 1.179651
v -2.144198 0.079845 1.044588
v -2.435620 0.431004 0.902217
v -2.586444 0.686554 0.631372
v -2.389172 0.606845 0.754485
v -2.172911 0.201243 0.896666
v -2.378359 0.112851 1.459246
v -2.127893 -0.027064 1.407570
v -1.876441 0.027717 1.267699
v -1.998717 0.077625 1.022223
v -2.330757 0.644979 0.724659
v -2.142338 0.693104 0.715829
v -2.191809 0.922482 0.719080
v -2.451723 0.955369 0.594931
v -2.001103 0.364721 0.796333
v -1.971686 -0.062473 1.698058
v -1.663494 0.199580 1.509539
v -1.793744 0.233799 1.123607
v -1.971057 0.672064 0.834684
v -1.848579 0.872258 1.008538
v -1.791955 0.604322 1.030245
v -1.577132 0.412652 1.417917
v -1.308477 0.435812 1.849889
v -1.486682 0.633058 1.416345
v -1.605191 0.990098 1.254418
v -1.503427 0.808585 1.344132
v -1.425892 0.211039 1.920160
v -1.223218 0.772226 1.903330
v -1.269726 0.657067 1.782873
v -1.422537 0.916151 1.462207
v -1.374169 1.047823 1.657964
v -1.218201 0.728300 2.107572
v -1.540481 0.065060 1.990475
v -1.400776 0.278930 2.216162
v -1.208122 0.493300 2.119800
v -1.334364 0.934113 2.171148
v -1.349462 1.067718 2.002316
v -1.499619 1.258757 1.775996
v -1.528563 1.082747 2.253130
v -1.226987 0.571499 2.185872
v -1.531488 0.597928 2.325243
v -1.747576 0.302700 2.258651
v -1.498202 0.746722 2.316093
v -1.523627 0.876514 2.354137
v -1.639773 1.481196 2.250645
v -1.596646 1.294973 2.166602
v -1.726360 0.382343 2.333393
v -1.597304 0.618917 2.391723
v -1.646680 0.697179 2.714607
v -1.566617 1.072694 2.683917
v -1.595011 1.400552 2.609983
v -1.539638 1.036718 2.715381
v -1.784266 0.470565 2.681147
v -1.321895 0.847629 2.771289
v -1.372918 1.503518 2.592039
v -1.139258 1.241898 2.718613
v -1.576075 0.368445 2.779968
v -0.886762 1.567389 2.645367
v -0.950121 1.104127 2.808008
v -1.167606 0.363587 2.908140
v -0.996573 0.555201 2.889775
v -0.904754 0.909239 2.781446
v -0.793145 1.234132 2.590401
v -0.818711 1.480695 2.639369
v -1.101844 1.898494 2.473745
v -0.676703 1.704842 2.641086
v -0.685652 1.602414 2.622671
v -0.782074 0.970503 2.512735
v -0.657967 1.301665 2.473106
v -0.402202 1.400017 2.502602
v -0.500173 1.707608 2.664771
v -0.756453 1.957121 2.476878
v -0.298186 1.783270 2.687636
v -0.443356 1.146867 2.464671
v -0.695786 0.973756 2.468918
v -0.891614 2.089306 2.349081
v -0.765128 2.122839 2.338119
v -0.372352 2.229673 2.376949
v -0.211929 1.921975 2.647475
v 0.081024 1.936899 2.663962
v 0.011891 1.445730 2.565613
v -0.955350 2.205492 2.086425
v -1.253385 2.201685 2.198231
v -1.435835 2.340650 1.895830
v -1.704521 2.183121 2.045823
v -1.337076 2.281612 2.064241
v -1.856122 2.021394 1.907738
v -1.590495 1.947088 2.323468
v -1.668771 1.909286 2.297509
v -1.659974 2.400254 1.608602
v -1.993631 2.299048 1.612270
v -1.913198 1.710744 1.680432
v -1.616677 1.593731 2.530300
v -1.736883 1.534048 1.872863
v -1.792058 1.555091 1.570986
v -1.757731 1.618631 1.962557
v -1.950034 1.576195 1.331968
v -1.548290 1.137739 1.382248
v -1.561410 1.233260 1.507400
v -1.848846 1.266614 1.164598
v -2.121877 1.322505 1.018993
v -2.110589 1.748589 1.429050
v -2.243757 1.980743 1.332133
v -2.044991 2.058250 1.599907
v -1.802643 2.175996 1.963821
v -2.107697 1.052428 0.859175
v -2.409256 1.124469 0.756511
v -2.328720 1.691096 1.220455
v -2.326440 2.272723 1.213028
v -2.231306 2.296586 1.363141
v -2.457070 2.198518 1.026421
v -2.327724 2.234673 0.908220
v -2.322271 2.238939 0.749483
v -2.603563 2.047995 0.817946
v -2.416327 1.965879 1.106420
v -2.482618 1.534616 1.050613
v -2.244728 1.531854 1.116670
v -1.979501 2.381100 1.178723
v -2.171132 2.219747 0.793162
v -2.688658 1.816840 0.754292
v -2.767102 1.449229 0.817664
v -2.679762 1.238207 0.818881
v -2.689420 1.136052 0.671425
v -2.801566 1.253383 0.701051
v -2.250318 2.156891 0.607612
v -2.422073 2.055715 0.466618
v -2.716968 1.957581 0.531892
v -2.856433 1.506958 0.572636
v -2.840575 1.389704 0.667728
v -2.741524 1.122593 0.571048
v -2.811159 1.875860 0.552106
v -2.625934 1.867003 0.367559
v -2.832501 1.491145 0.451701
v -2.800116 1.251312 0.499944
v -2.675699 1.030929 0.575650
v -2.934958 1.026041 0.493446
v -2.881365 1.406951 0.418695
v -2.778281 1.689684 0.380106
v -2.590601 1.998803 0.225781
v -2.948575 1.504169 0.223907
v -3.076683 1.139086 0.402692
v -3.372757 1.013572 0.319300
v -3.061525 1.360942 0.249087
v -2.887508 1.632812 -0.009839
v -3.381289 1.164886 0.099948
v -3.089295 1.419492 0.010812
v -3.294650 0.910225 0.096043
v -3.353688 0.633125 0.280272
v -3.166167 0.819837 -0.000544
v -3.379799 1.111643 -0.000915
v -3.162733 0.768655 0.092779
v -2.489249 2.100283 -0.046058
v -2.038218 2.338592 1.274497
v -1.758775 2.335185 1.665094
v 0.266672 1.673174 2.609817
v -1.917790 0.117858 2.695807
v -2.049675 0.222570 2.480581
v -2.017441 0.224960 2.573068
v -2.015147 -0.269361 2.822392
v -2.330449 0.104159 2.366543
v -1.886444 0.325042 2.458746
v -2.112045 0.138866 2.238130
v -2.453238 -0.100486 2.291887
v -2.358149 -0.308378 2.496915
v -2.256071 -0.327477 2.609520
v -2.285155 -0.584544 2.662383
v -2.494468 -0.585945 2.366097
v -1.954000 0.162625 2.125503
v -2.151883 0.141887 1.952590
v -2.588489 0.028819 2.073314
v -2.564575 -0.265788 2.102409
v -2.538319 -0.764978 2.225300
v -2.327914 -0.629805 2.494305
v -2.173874 -0.598414 2.800466
v -2.378820 -0.767254 2.349360
v -2.608656 -0.657353 2.042666
v -2.650476 -0.450624 1.839843
v -2.595176 -0.657604 1.773375
v -2.441673 -0.899447 1.926923
v -2.307762 -1.166557 1.806666
v -2.430635 -0.932201 2.517437
v -2.384907 -0.944431 2.293289
v -2.756966 -0.431018 1.462065
v -2.703381 -0.115882 1.734082
v -2.748613 -0.294887 1.628947
v -2.696528 -0.636950 1.605806
v -2.779637 -1.011104 1.523439
v -2.598665 -0.799867 1.706423
v -2.887549 -0.654749 1.451751
v -2.457286 -1.189553 1.682937
v -2.190747 -1.561298 1.711172
v -2.969482 -1.299933 1.395405
v -2.388624 -1.557874 1.630142
v -2.068185 -1.564403 1.759698
v -2.054115 -1.460363 1.858607
v -3.258952 -1.250725 1.274384
v -2.497209 -1.704273 1.565445
v -2.148369 -1.796222 1.623633
v -2.021587 -1.998914 1.591907
v -1.986968 -1.850916 1.579368
v -2.272476 -2.101983 1.549377
v -2.536622 -1.878894 1.574862
v -2.936584 -1.535670 1.399183
v -3.119041 -1.531168 1.316605
v -3.233911 -1.691609 1.348089
v -3.015025 -1.683498 1.423248
v -2.903784 -1.830189 1.412380
v -2.621951 -2.001408 1.514347
v -2.416691 -2.238142 1.384524
v -2.578002 -2.235406 1.324955
v -2.076032 -2.278682 1.495248
v -1.982497 -2.289353 1.449979
v -2.231084 -2.419365 1.327261
v -2.292295 -2.271017 1.422518
v -2.680783 -2.092623 1.401956
v -2.873273 -1.921244 1.355224
v -3.018933 -2.033805 1.404433
v -2.851190 -2.344833 1.451355
v -2.740334 -2.424610 1.315480
v -2.671299 -2.486433 1.442880
v -2.440222 -2.306867 1.514058
v -2.352870 -2.538481 1.485619
v -2.031013 -2.369084 1.415842
v -2.603823 -2.661937 1.502609
v -2.668181 -2.632447 1.498927
v -2.744291 -2.678569 1.366452
v -2.910274 -2.246832 1.477631
v -3.062723 -2.502854 1.402130
v -2.647061 -2.748762 1.386148
v -2.345397 -2.585876 1.166255
v -2.197221 -2.586221 1.191919
v -2.050800 -2.561834 1.155747
v -2.008391 -2.510489 0.958091
v -2.442644 -2.683084 1.369767
v -2.936277 -2.556901 1.356130
v -3.218165 -2.387394 1.355020
v -3.051766 -2.556426 1.248115
v -2.954314 -2.529558 1.190397
v -3.094328 -2.525356 1.183529
v -2.747871 -2.575918 1.215827
v -2.608318 -2.661880 1.228655
v -2.472247 -2.599511 1.089322
v -2.142940 -2.605367 1.029373
v -2.450802 -2.622465 1.007727
v -2.813522 -2.500114 1.239284
v -3.261104 -2.339256 1.145396
v -3.294936 -2.303034 0.952727
v -2.960548 -2.363792 1.020718
v -2.664153 -2.553329 1.140936
v -2.373548 -2.567604 0.714113
v -2.676577 -2.458115 0.535623
v -3.431635 -2.315503 0.825088
v -3.440630 -2.437320 1.092939
v -3.603112 -2.399453 0.960413
v -3.115332 -2.357555 0.723417
v -2.837152 -2.415941 0.822559
v -3.719643 -2.308199 0.800962
v -3.747689 -2.295697 0.782547
v -3.757647 -2.312459 0.621294
v -2.915276 -2.387429 0.551331
v -3.062845 -2.351706 0.501264
v -3.793575 -2.295675 0.476817
v -3.931012 -2.447064 0.650556
v -3.947085 -2.374570 0.758423
v -4.076238 -2.297397 0.691803
v -4.101593 -2.140714 0.453289
v -3.950490 -2.230831 0.394213
v -2.906363 -2.302085 -0.022835
v -2.756914 -2.334349 0.012086
v -3.638894 -2.275911 0.171899
v -3.911115 -2.204880 0.252678
v -4.101429 -2.273424 0.302086
v -4.165577 -2.235752 0.126357
v -4.248087 -2.105010 0.433658
v -4.311210 -2.135834 0.363695
v -4.047345 -2.197265 -0.011454
v -3.935266 -2.207363 -0.005974
v -4.107042 -2.166912 -0.016450
v -4.324752 -2.100156 0.078347
v -4.179027 -2.055031 -0.026035
v -4.014791 -1.506078 0.001374
v -4.026248 -1.464380 0.070938
v -4.038005 -1.350538 -0.000091
v -3.958583 -1.012706 -0.000267
v -3.951567 -0.785461 -0.000473
v -3.987424 -0.956675 0.299975
v -4.075582 -1.242465 0.217184
v -3.994406 -1.417642 0.253181
v -4.284372 -1.623869 0.333371
v -4.076652 -1.136478 0.186684
v -4.047886 -1.257580 0.533929
v -3.958991 -1.480333 0.424852
v -4.245089 -1.680460 0.460633
v -4.260555 -1.631365 0.185563
v -4.362264 -1.840929 0.163984
v -4.085577 -1.605669 0.502038
v -3.906779 -1.531348 0.505992
v -3.906765 -0.916900 0.563869
v -3.757108 -0.869578 0.780214
v -3.981252 -1.054759 0.564785
v -4.201873 -1.870635 0.520689
v -4.336917 -1.861892 0.407466
v -4.397713 -2.089250 0.167145
v -4.077007 -1.932099 0.526722
v -3.979703 -1.660766 0.555815
v -3.831539 -1.486387 0.561307
v -3.808569 -1.391252 0.620739
v -3.902043 -1.200676 0.720394
v -3.882561 -1.060738 0.791694
v -3.805419 -1.348354 0.956506
v -3.819694 -1.416647 0.760250
v -4.004197 -1.686558 0.721215
v -4.108854 -2.215573 0.572992
v -4.169326 -1.939053 -0.020665
v -4.126373 -2.037676 0.719347
v -4.094122 -2.073378 0.824865
v -3.927522 -2.125127 0.898707
v -3.802759 -2.046771 0.936166
v -3.805051 -1.975754 0.960379
v -3.994268 -1.764090 0.887948
v -3.715008 -1.937968 1.145952
v -3.751072 -2.288025 1.005754
v -3.568890 -2.011637 1.261301
v -3.375612 -1.775210 1.223758
v -3.709330 -1.728441 0.945647
v -3.773584 -1.502377 0.882746
v -3.621938 -1.685857 1.090762
v -3.688627 -2.348573 1.171889
v -3.434606 -2.379912 1.212992
v -3.268343 -2.151143 1.239566
v -3.148263 -1.933951 1.281062
v -3.441213 -1.552670 1.289847
v -3.698210 -1.529720 1.132755
v -3.649304 -1.413925 1.186461
v -3.347126 -1.455711 1.299345
v -3.235876 -2.012484 1.225981
v -3.160078 -2.218878 1.395600
v -3.536901 -1.219355 1.127886
v -3.457692 -0.905908 1.084748
v -3.070421 -0.926868 1.342823
v -3.775959 -1.157897 0.979791
v -3.658594 -1.050700 0.930835
v -3.001242 -0.285065 1.241734
v -2.919614 -0.133645 1.357347
v -2.963970 -0.002028 1.252039
v -2.772203 -0.006275 1.498265
v -2.662819 0.086241 1.495455
v -2.628153 0.024582 1.816109
v -2.274692 0.113607 1.767780
v -2.079298 -0.017670 1.737802
v -1.937886 -0.028134 1.892154
v -1.666144 0.007763 1.942874
v -1.788960 0.024822 1.570316
v -1.572131 0.094092 2.177017
v -1.879147 -2.230202 1.030960
v -1.928160 -2.300300 1.260697
v -1.920031 -1.402557 2.111068
v -2.092993 -1.309271 2.092072
v -1.768852 -1.435840 2.239643
v -1.680869 -1.358344 2.284643
v -1.749080 -1.430511 2.392728
v -2.190029 -1.326414 2.605269
v -2.313245 -1.071533 2.159308
v -1.820853 -1.510008 2.591353
v -1.647435 -1.488212 2.789144
v -1.927166 -1.481067 2.576836
v -2.318691 -1.154419 2.621962
v -2.069875 -1.404447 2.819472
v -2.219740 -1.252174 2.836113
v -2.217715 -1.100575 2.881200
v -2.033662 -1.007675 3.026601
v -2.094287 -1.206924 2.953460
v -1.847061 -1.420666 2.933893
v -1.882389 -0.540675 3.030930
v -1.828360 -0.691761 3.094170
v 1.024434 -2.734401 0.041350
v -0.051643 -2.475412 0.030695
v 0.118945 -2.499983 0.448391
v 0.714116 -2.612272 0.990209
v 0.185785 -2.453412 1.037387
v -0.176603 -2.280419 0.930040
v -0.284895 -1.936044 1.839838
v -0.593714 -2.292940 0.100609
v -0.987359 -1.274143 2.792222
v -1.051602 -1.425534 2.833755
v 3.630590 -1.206883 0.306708
v 3.654762 -1.187919 -0.127173
v 3.844317 -0.841859 0.127238
v 3.926142 -0.584261 0.434783
v 4.016965 -0.424692 0.046486
v 3.862155 -0.404784 0.923538
v 4.013624 -0.255315 0.509637
v 4.082007 -0.180660 0.037970
v 4.084083 0.123181 0.376306
v 4.111876 0.149463 -0.013226
v 0.606343 3.406984 0.364552
v -0.115282 3.353158 0.026867
v 0.271332 3.398536 0.309127
v 0.770705 3.364281 0.679163
v 1.096879 3.364440 0.406115
v 0.978457 3.267870 1.062189
v 1.453711 3.290856 0.425186
v 1.359098 3.103051 1.375285
v 1.299389 3.252802 0.892667
v 1.632514 3.257253 0.081479
v 1.900400 3.157941 -0.027316
v 1.864627 3.146888 0.561200
v 2.298239 2.963983 0.312018
v 2.031877 3.027029 0.837764
v 2.775108 2.663582 0.006796
v 2.707936 2.686382 0.408857
v 2.995766 2.477660 0.180842
v 3.184961 2.298754 -0.022230
v 3.478878 1.935326 0.118029
v 3.181996 2.259722 0.377116
v 3.206191 2.122837 0.741096
v 3.555736 1.807605 0.310562
v 3.622463 1.727678 -0.080310
v 3.824515 1.383847 -0.004309
v 3.556924 1.666366 0.682681
v 3.808049 1.348810 0.384696
v 3.784866 1.274683 0.645447
v 3.512157 1.431322 1.126569
v 3.972659 0.963949 0.322243
v 3.949808 1.104214 0.002196
v 3.766327 1.070966 0.938412
v 4.037605 0.818562 -0.016023
v 3.964122 0.829391 0.573520
v 3.433125 1.215351 1.464018
v 3.697619 0.838644 1.251526
v 3.899947 0.257474 1.027686
v 3.910287 0.610789 0.905284
v 3.540649 0.713357 1.577017
v 3.741342 0.516783 1.310130
v 4.019474 0.196441 0.687895
v 3.682817 0.255031 1.473440
v 3.300663 0.917421 1.812716
v 3.426177 0.446923 1.815877
v 3.931330 -0.088760 0.897795
v 3.735098 -0.058957 1.355508
v 3.576254 0.030823 1.638058
v 2.831079 0.974573 2.262561
v 3.087259 1.209411 1.918799
v 2.808277 1.449252 2.069455
v 3.029952 1.648222 1.679929
v 3.312260 1.740894 1.152766
v 2.888906 1.939969 1.594744
v 2.574338 1.861594 2.027911
v 2.955693 2.221423 1.121386
v 2.792555 2.540183 0.776960
v 2.661767 2.278894 1.513770
v 2.409158 2.030494 2.046195
v 2.515476 2.182366 1.803043
v 2.471039 2.618241 1.237678
v 2.228898 2.467805 1.780772
v 2.164220 2.267282 2.049007
v 2.185706 2.702095 1.477028
v 1.906443 2.197821 2.280551
v 1.844607 2.511487 2.030548
v 1.836467 2.807452 1.639145
v 1.727788 3.007303 1.325187
v 2.099276 2.849719 1.289818
v 1.654306 3.147519 0.962431
v 2.337401 2.827293 0.955685
v 2.432429 2.845649 0.617734
v 3.720255 -0.328537 1.290576
v 4.052357 0.435325 0.498183
v 4.079888 0.560570 0.198752
v 3.297724 -1.696275 -0.093541
v 3.572468 -1.276461 -0.417763
v 3.070942 -1.906595 -0.303764
v -2.345324 2.219798 -0.177222
v -1.965869 2.488235 -0.051995
v -1.800848 2.552269 -0.490546
v -1.884848 2.415651 -0.758574
v -1.173718 3.044090 -0.326372
v -1.427626 2.889374 -0.309140
v -1.497234 2.720064 -0.746058
v -1.698850 2.538257 -0.908741
v -1.809427 2.323449 -1.044054
v -1.865778 2.289806 -1.140478
v -1.491066 2.594997 -1.046929
v -1.944313 2.373514 -1.260836
v -1.719926 2.292858 -1.374455
v -1.335823 2.627958 -1.231019
v -1.123417 2.989892 -0.720210
v -0.584298 3.237581 -0.552750
v -0.918518 3.120948 -0.595288
v -0.955774 2.872611 -1.275559
v -1.293945 2.492163 -1.488128
v -1.547447 2.307917 -1.449672
v -1.555758 2.285684 -1.485429
v -1.673793 2.372807 -1.642728
v -1.442831 2.316978 -1.605581
v -1.327513 2.379193 -1.542897
v -0.725784 3.141870 -0.884467
v -1.035670 2.664344 -1.500067
v -1.205656 2.463007 -1.552809
v -1.031608 2.567700 -1.640141
v -1.346052 2.285866 -1.723372
v -1.088713 2.273561 -1.925934
v -1.041819 2.569854 -1.570298
v -0.413116 3.189510 -1.060237
v -0.846461 2.799080 -1.489505
v -0.810711 2.741005 -1.543324
v -0.815657 2.481384 -1.911567
v -0.649008 2.929198 -1.453792
v -0.106248 3.354615 -0.382141
v -0.092317 3.288228 -0.923664
v -0.459793 2.996102 -1.449828
v 0.231564 3.350727 -0.779688
v 0.335147 3.299939 -1.083465
v 0.093325 3.201060 -1.338205
v -0.043511 2.974338 -1.780488
v -0.591208 2.776078 -1.708780
v 0.825077 3.265309 -1.146473
v 0.400610 3.120620 -1.624668
v 0.659332 3.219260 -1.345085
v 0.749055 3.084752 -1.651202
v 0.401085 2.893606 -2.035291
v -0.000490 2.803158 -2.028546
v -0.885295 2.204067 -2.121550
v 0.225398 2.660785 -2.251801
v -0.185026 2.307719 -2.393237
v 0.414742 2.754450 -2.190778
v 1.266416 3.107254 -1.417498
v 0.114528 2.341183 -2.472343
v 0.534080 2.619809 -2.329134
v 0.994096 2.683753 -2.201442
v 1.017933 2.968409 -1.803362
v 0.984709 2.426641 -2.436282
v 0.518455 2.239357 -2.574281
v 0.261867 2.094638 -2.629643
v 0.707962 2.080525 -2.601030
v 1.507470 2.521721 -2.196158
v 1.494000 2.778339 -1.901714
v 1.649099 2.245686 -2.365392
v 1.084841 2.067639 -2.582923
v 1.049990 1.830757 -2.631850
v 1.972201 2.295336 -2.163475
v 1.675761 1.647276 -2.629404
v 0.931525 1.072158 -2.693810
v 1.933363 1.614941 -2.576410
v 1.720465 1.957351 -2.515965
v 1.635460 0.828068 -2.734972
v 1.335515 1.030339 -2.708826
v 1.957968 1.279717 -2.633826
v 2.264887 1.376286 -2.508883
v 1.890428 0.181508 -2.794599
v 2.536494 0.652629 -2.530623
v 2.187497 0.741434 -2.649793
v 2.606483 1.265372 -2.329143
v 2.589620 0.115028 -2.571855
v 2.262798 0.144513 -2.697167
v 2.805689 0.666804 -2.367810
v 2.832829 -0.065662 -2.446253
v 2.349720 -0.413131 -2.694223
v 2.883054 0.306240 -2.377166
v 3.070640 0.441883 -2.199395
v 2.633542 -0.387342 -2.568294
v 2.781487 -0.619798 -2.454650
v 3.108275 0.029055 -2.215848
v 3.401002 0.423189 -1.855377
v 3.174511 -0.173357 -2.142869
v 3.431330 0.222329 -1.844106
v 3.222288 -0.471577 -2.032531
v 3.398129 -0.577393 -1.736795
v 2.943476 -0.647795 -2.299574
v 3.438530 -0.150298 -1.814124
v 2.974599 -1.298449 -1.884343
v 3.084722 -0.938736 -2.008633
v 3.645278 -0.099641 -1.505846
v 3.389373 -1.004421 -1.427541
v 3.165435 -1.401859 -1.383030
v 3.577840 -1.059048 -0.923296
v 3.696785 -0.627169 -1.146416
v 3.841805 -0.587033 -0.808718
v 3.458764 -1.350577 -0.702494
v 3.253580 -1.511735 -0.972750
v 2.966316 -1.910131 -0.763411
v 3.281341 -1.630004 -0.573417
v 2.728547 -2.171270 -0.438403
v 2.217396 -2.460257 -0.906055
v 2.605254 -2.208326 -0.794875
v 1.923067 -2.628257 -0.798478
v 1.876087 -2.540686 -1.308487
v 1.732378 -2.706138 -0.668231
v 1.642516 -2.744773 0.041631
v 1.564954 -2.675994 -1.115537
v 1.453392 -2.627616 -1.362761
v 2.181212 -2.321552 -1.466368
v 1.457521 -2.757071 -0.446344
v 1.524275 -2.519094 -1.649689
v 1.923283 -2.384665 -1.658382
v 1.190480 -2.527869 -1.686364
v 1.176692 -2.663737 -1.208791
v 1.300001 -2.728871 -0.835640
v 0.865366 -2.652040 -0.976324
v 0.966029 -2.519195 -1.656002
v 1.050320 -2.347908 -2.035533
v 1.389164 -2.390223 -1.952013
v 0.722733 -2.542259 -1.419158
v 0.505268 -2.195906 -2.190696
v 0.868765 -2.069837 -2.358552
v 0.432431 -2.300824 -1.956231
v 0.375027 -1.945140 -2.465836
v 0.324531 -1.750565 -2.680596
v 0.112386 -1.784931 -2.638866
v 0.055298 -2.105150 -2.132263
v 0.015246 -1.946668 -2.429629
v 0.312971 -2.362004 -1.656101
v -0.056629 -2.040957 -2.135771
v 0.150287 -1.681409 -2.811528
v 0.731863 -1.769061 -2.604404
v -0.262605 -1.644352 -2.731863
v -0.090426 -1.645640 -2.758517
v -0.154896 -1.739655 -2.618608
v -0.088631 -1.896696 -2.429641
v -0.278185 -1.636689 -2.376806
v -0.250257 -1.548195 -2.652843
v -0.226995 -1.646872 -2.676895
v 0.039459 -1.561023 -2.946424
v 0.285656 -1.329269 -2.941138
v -0.134302 -1.151522 -3.153319
v -0.555121 -1.469419 -3.066240
v -0.201701 -1.505909 -3.028824
v -0.544645 -1.454615 -2.790439
v -0.231518 -1.564023 -2.543240
v -0.403111 -1.563222 -2.272034
v -0.367194 -1.278983 -2.437932
v -0.226668 -1.140952 -2.701687
v -0.214999 -1.333114 -2.566640
v -0.289331 -1.267297 -2.695992
v -0.607552 -1.258915 -2.791782
v -0.435853 -1.590123 -2.835935
v -0.589000 -0.945178 -2.921926
v -0.235233 -1.013335 -2.796782
v -0.104508 -0.929469 -2.729201
v -0.176205 -1.144592 -2.564428
v -0.227445 -1.085827 -2.508873
v -0.125626 -0.936198 -2.652529
v -0.011372 -0.898684 -2.843670
v -0.216807 -0.788420 -2.608530
v 0.056578 -0.786848 -2.804053
v -0.184780 -0.957411 -2.900930
v -0.551409 -0.900187 -2.975498
v -1.019717 -1.279887 -2.791688
v -0.864714 -0.837686 -3.066127
v -0.664481 -0.942486 -3.194577
v -0.967380 -0.971150 -3.255991
v -0.192251 -1.010145 -3.182633
v 0.138452 -0.989575 -3.054897
v 0.374628 -0.734640 -2.919098
v 0.218586 -0.929886 -3.023257
v -1.097994 -1.209603 -3.187599
v -0.590141 -1.183911 -3.216051
v -0.809261 -1.446518 -3.046549
v -1.146309 -1.426193 -3.075150
v -1.042501 -0.834183 -2.952181
v -1.078209 -1.142069 -2.786574
v -1.300659 -0.750160 -2.917844
v -1.340643 -1.160030 -2.705498
v -1.487672 -0.848178 -3.213379
v -1.377371 -1.482722 -2.978322
v -0.869848 -1.489008 -2.871126
v -1.276179 -1.468953 -2.885834
v -1.051604 -1.425539 -2.834526
v -1.382941 -1.401530 -2.798318
v -1.407011 -1.339290 -3.081999
v -1.564092 -0.882265 -3.225173
v -1.385355 -0.721689 -3.004680
v -1.507501 -0.632043 -2.719702
v -1.554333 -1.024713 -2.518301
v -1.524679 -0.555387 -2.859146
v -1.592179 -0.515227 -2.968838
v -1.549030 -0.675330 -3.051760
v -1.818647 -0.840904 -3.155706
v -1.540984 -1.394589 -2.680029
v -1.450060 -0.843214 -2.402668
v -1.422434 -0.566536 -2.485865
v -1.565140 -0.311260 -2.864688
v -1.638272 -1.486451 -2.795873
v -1.564767 -1.317400 -2.580444
v -1.637796 -1.239753 -2.418686
v -1.472201 -0.385550 -2.623787
v -1.819622 -0.223747 -2.931584
v -1.338200 -0.221964 -2.563970
v -1.231334 -0.260973 -2.509241
v -1.121369 -0.478024 -2.477359
v -1.361413 -0.596483 -2.426509
v -1.493394 -1.173858 -2.246320
v -1.159997 -0.865519 -2.287272
v -1.415169 -0.081260 -2.810179
v -1.446129 -0.024800 -2.850023
v -1.707993 0.026758 -2.789181
v -0.924222 -0.787974 -2.362551
v -0.569706 -0.359975 -2.641549
v -1.061268 -0.048418 -2.574008
v -1.136909 0.032788 -2.627070
v -1.169630 0.342334 -2.911245
v -1.123930 0.290749 -2.885989
v -0.687182 -0.099536 -2.628805
v -0.418567 -0.824312 -2.532779
v -0.338511 -0.119082 -2.709141
v -0.546349 0.191235 -2.611857
v -0.841323 0.390713 -2.580567
v -0.897672 0.376149 -2.605324
v -0.186781 -0.404655 -2.738893
v -0.996572 0.555201 -2.890548
v 0.137368 -0.259954 -2.872020
v -0.050983 0.426119 -2.643837
v -0.443288 0.750696 -2.501958
v 0.371832 0.166659 -2.846089
v 0.229909 -0.103259 -2.892941
v -0.155321 0.757562 -2.539576
v 0.508666 0.923849 -2.676190
v 0.707864 0.445891 -2.842965
v -0.299805 1.013083 -2.489972
v 0.532588 1.157704 -2.638798
v 0.043530 1.289069 -2.548746
v 1.021209 0.375621 -2.877171
v 1.363543 0.210348 -2.881469
v 1.530589 -0.050391 -2.882435
v 0.823421 -0.217505 -2.970415
v 1.166133 -0.417318 -2.937296
v 0.429542 -0.184502 -2.948024
v 0.566366 -0.879289 -2.938576
v 0.461678 -0.549386 -2.930754
v 1.548727 -0.927395 -2.836140
v 0.613544 -1.167124 -2.899720
v 2.033563 -0.852216 -2.761718
v 0.956841 -1.178132 -2.843602
v 0.855326 -1.512161 -2.733746
v 1.594285 -1.337011 -2.740165
v 2.019220 -1.257372 -2.686764
v 2.370391 -0.915859 -2.647284
v 2.233222 -1.385778 -2.561532
v 1.948893 -1.835782 -2.425234
v 1.528217 -1.702271 -2.593124
v 2.266248 -1.730830 -2.332833
v 1.852492 -1.638840 -2.579588
v 2.348319 -1.845158 -2.142532
v 2.657645 -1.425893 -2.220073
v 1.596593 -1.978435 -2.400712
v 2.091619 -2.169141 -1.931126
v 2.363163 -2.092316 -1.711479
v 1.948838 -2.070291 -2.185380
v 1.710659 -2.355623 -1.894321
v 1.396396 -2.209821 -2.209120
v 2.449888 -2.234629 -1.162258
v 2.697696 -1.964057 -1.338778
v 2.883900 -1.717313 -1.464758
v 2.692653 -1.674898 -1.901848
v 2.771653 -1.051399 -2.325575
v 2.534875 -1.279153 -2.434201
v 2.449882 -1.064385 -2.570168
v 2.039780 -0.342205 -2.788619
v 0.005878 -0.590857 -2.769899
v -0.495113 -1.469993 -2.277612
v -0.714179 -1.323456 -2.276239
v -0.992510 -1.135177 -2.248299
v -0.941316 -1.436675 -2.120761
v -1.308684 -1.536743 -1.977560
v -1.314665 -1.318454 -2.149772
v -0.928877 -1.603863 -1.936739
v -0.312450 -1.773364 -2.142502
v -0.595967 -1.678411 -1.979249
v -1.584908 -1.447375 -2.109873
v -1.732887 -1.421659 -2.158431
v -1.663935 -1.346222 -2.264801
v -1.613441 -1.572397 -1.937411
v -1.612978 -1.634141 -1.756871
v -1.168604 -1.662432 -1.737226
v -1.829510 -1.429157 -2.133532
v -1.177335 -1.731099 -1.506310
v -0.494067 -1.825410 -1.807920
v -0.611234 -1.961377 -1.407422
v -0.894267 -1.768754 -1.588171
v -1.855476 -1.682866 -1.558640
v -1.661373 -1.720728 -1.275377
v -0.334039 -2.073526 -1.365730
v -1.363493 -1.846202 -1.016444
v -1.904663 -1.933329 -1.239301
v -1.737501 -1.807938 -1.115870
v -1.630068 -1.877550 -0.956389
v -1.103811 -2.030406 -0.659630
v -1.568243 -1.947226 -0.769704
v -1.731763 -2.027567 -0.854998
v -1.323787 -2.033654 -0.393742
v -1.371749 -1.980519 -0.621545
v -1.593087 -2.003478 -0.521245
v -1.894123 -2.390984 -0.874505
v -1.728525 -2.085053 -0.525196
v -1.947267 -2.468430 -0.607473
v -0.591352 -2.284405 -0.224548
v -2.389446 -2.564124 -0.447688
v -3.567892 -0.501463 -0.281106
v -3.707071 -0.489526 -0.284383
v -3.811960 -0.574023 -0.313706
v -3.653544 -0.426907 -0.493859
v -3.164360 -0.463007 -0.175407
v -3.020155 -0.254305 -0.073217
v -3.422808 -0.383115 -0.389564
v -3.819445 -0.646724 -0.536107
v -3.764524 -0.512501 -0.524005
v -3.626555 -0.268317 -0.599680
v -3.634145 -0.139581 -0.709492
v -3.404652 -0.160085 -0.459469
v -3.211385 -0.138604 -0.248576
v -3.277463 0.480395 -0.310307
v -3.403040 0.188143 -0.404250
v -3.559288 -0.073432 -0.526690
v -3.485433 -0.022470 -0.810777
v -3.793442 -0.834814 -0.713327
v -3.520892 0.154145 -0.662300
v -3.572188 0.068840 -0.602945
v -3.507680 0.467518 -0.467730
v -3.069703 0.055121 -1.003212
v -3.551657 -0.329646 -0.887365
v -3.363809 0.301452 -0.692179
v -3.343837 0.616794 -0.525955
v -3.032223 0.510000 -0.669584
v -2.901836 0.242106 -0.942719
v -3.119493 -0.144142 -1.086102
v -2.561588 0.201379 -1.158647
v -2.669707 0.388845 -0.811872
v -2.985824 0.911805 -0.508540
v -2.423239 0.196307 -1.147980
v -2.662815 0.086237 -1.496238
v -2.532743 0.666427 -0.651097
v -2.336396 0.631853 -0.731828
v -2.435621 0.431003 -0.902990
v -2.201922 0.210786 -0.908507
v -2.084745 0.299294 -0.816489
v -2.123819 0.071768 -1.044057
v -2.143692 -0.019035 -1.395515
v -2.378360 0.112849 -1.460016
v -1.880391 0.026178 -1.258049
v -1.994209 0.088428 -1.015429
v -2.142335 0.693102 -0.716603
v -2.191816 0.922482 -0.719850
v -2.004937 0.362602 -0.799043
v -1.792429 0.242110 -1.119651
v -1.971683 -0.062476 -1.698838
v -1.752337 0.060121 -1.549952
v -1.922041 0.478749 -0.871584
v -1.966452 0.735779 -0.857782
v -1.924547 0.963917 -0.967291
v -1.572421 0.443882 -1.394748
v -1.326549 0.443828 -1.810069
v -1.466907 0.721286 -1.411691
v -1.536561 0.960164 -1.312134
v -1.418245 0.221603 -1.918742
v -1.540480 0.065057 -1.991248
v -1.223884 0.775619 -1.905993
v -1.433932 1.073804 -1.512475
v -1.255529 0.709119 -1.789718
v -1.588805 1.162042 -1.354520
v -1.288203 0.970222 -1.913384
v -1.218202 0.728302 -2.108343
v -1.206165 0.509969 -2.104462
v -1.572130 0.094091 -2.177791
v -1.353822 0.295613 -2.171082
v -1.334364 0.934108 -2.171923
v -1.500804 1.264711 -1.789559
v -1.468864 1.200718 -2.036911
v -1.528561 1.082739 -2.253905
v -1.226987 0.571499 -2.186645
v -1.410956 0.302521 -2.228481
v -1.523627 0.876512 -2.354912
v -1.505570 0.726243 -2.322681
v -1.589551 1.288601 -2.156815
v -1.713031 1.506318 -1.856762
v -1.604715 1.326046 -2.270599
v -1.593742 0.487691 -2.316579
v -1.790707 0.270161 -2.230356
v -1.597303 0.618916 -2.392497
v -1.618461 0.754325 -2.703073
v -1.566671 1.117491 -2.690963
v -1.594922 1.399234 -2.610982
v -1.310827 0.844325 -2.774582
v -1.607830 0.563052 -2.748982
v -1.726360 0.382343 -2.334171
v -1.837484 0.369689 -2.488606
v -1.785859 0.468412 -2.671486
v -1.616679 1.593738 -2.531069
v -1.346587 1.486166 -2.602230
v -0.798923 1.562059 -2.645352
v -0.969135 1.038850 -2.820867
v -0.881522 0.981002 -2.742685
v -0.917591 1.192099 -2.776944
v -0.838974 1.434182 -2.660473
v -0.674945 1.706395 -2.642741
v -0.633566 1.660526 -2.649269
v -0.737542 1.300853 -2.522563
v -0.723689 1.019589 -2.468621
v -0.792771 0.964022 -2.533010
v -0.273577 1.533466 -2.581483
v -0.603006 1.258083 -2.455544
v -0.099750 1.981286 -2.642772
v -0.782550 2.003794 -2.441702
v -0.944364 2.101854 -2.324372
v -0.601452 2.149129 -2.369963
v -0.199111 1.835000 -2.678181
v 0.040402 1.467843 -2.575342
v -1.158578 2.238996 -2.025489
v -1.202812 2.156953 -2.249142
v -1.297381 2.236703 -2.139182
v -1.748312 2.165325 -2.036191
v -1.449056 2.315548 -1.903927
v -1.662831 1.882430 -2.320888
v -1.591893 1.943874 -2.326072
v -1.106858 1.908119 -2.466872
v -1.720407 1.957007 -2.191097
v -1.917656 2.231730 -1.758611
v -1.769566 2.318580 -1.679315
v -1.756197 2.260095 -1.543441
v -1.760808 1.617433 -1.948930
v -1.907867 2.003122 -1.803855
v -1.923078 1.714331 -1.659863
v -1.792432 1.549191 -1.567218
v -2.102112 2.038293 -1.512825
v -2.176847 1.846570 -1.399801
v -2.089558 1.952455 -1.371474
v -2.107001 1.738806 -1.418862
v -1.848994 1.265417 -1.164476
v -1.954371 1.576348 -1.327641
v -2.234590 1.707833 -1.305693
v -2.187736 1.851000 -1.342396
v -2.023188 2.059522 -1.429174
v -2.193450 1.974139 -1.411422
v -2.082114 2.237060 -1.529795
v -1.976605 2.159374 -1.507060
v -2.052756 2.154657 -1.598263
v -2.029561 2.249210 -1.637345
v -2.200708 2.155399 -1.443719
v -2.319874 1.779514 -1.265952
v -2.263450 1.729960 -1.248144
v -2.124837 1.256337 -0.971931
v -2.402738 1.601254 -1.124897
v -2.443247 1.801676 -1.109964
v -2.596338 2.041342 -0.834064
v -2.362044 2.244221 -1.200577
v -2.164779 2.278506 -1.456407
v -2.091471 2.308713 -1.244036
v -2.362990 2.210002 -0.916647
v -2.276255 1.575429 -1.143243
v -2.329036 1.097430 -0.766414
v -2.766758 1.453452 -0.818440
v -2.672668 1.842747 -0.765368
v -2.735553 1.961065 -0.553163
v -2.184980 2.212799 -0.783950
v -2.269542 2.262214 -0.822879
v -2.679631 1.245157 -0.825068
v -2.686497 1.159411 -0.732839
v -2.462468 0.955519 -0.591421
v -2.676098 1.126218 -0.657685
v -2.801566 1.253381 -0.701826
v -2.859312 1.452270 -0.603074
v -2.475783 2.014719 -0.427078
v -2.433937 2.148248 -0.656060
v -2.215423 2.169803 -0.642215
v -2.834757 1.633119 -0.567608
v -2.785575 1.187882 -0.519501
v -2.695229 1.013155 -0.556257
v -2.819703 1.841788 -0.545352
v -2.542910 2.056307 -0.232203
v -2.832860 1.455824 -0.440078
v -2.790662 1.662469 -0.381706
v -2.627934 1.867970 -0.364849
v -3.062643 1.176390 -0.392163
v -3.053564 1.333906 -0.285005
v -3.049649 1.428305 -0.134972
v -3.391441 0.973969 -0.227003
v -3.484920 0.563840 -0.403816
v -3.372598 1.014893 -0.318888
v -3.373197 1.211370 -0.019600
v -3.381659 1.046854 -0.169695
v -3.270405 0.853995 -0.115681
v -3.362868 0.579521 -0.305984
v -3.285736 0.950547 -0.003803
v -3.158573 0.757417 -0.093861
v -1.958774 2.325435 -1.548703
v -1.821467 2.367188 -1.468734
v -1.955287 2.229788 -1.545356
v 0.535371 1.834566 -2.615706
v 0.755246 1.531947 -2.638956
v -1.927328 0.139358 -2.682440
v -1.991940 -0.165624 -2.794184
v -2.017437 0.224958 -2.573845
v -2.049674 0.222568 -2.481353
v -2.389596 -0.353915 -2.477473
v -2.309205 0.113235 -2.384550
v -2.108319 0.149057 -2.297157
v -2.464497 -0.120870 -2.278614
v -1.881167 -0.547338 -3.034370
v -2.098599 -0.474121 -2.834531
v -2.506864 -0.487315 -2.316995
v -2.421494 0.072899 -2.067173
v -1.954002 0.162623 -2.126277
v -2.565502 -0.262526 -2.099866
v -2.608700 -0.659841 -2.044198
v -2.628152 0.024579 -1.816886
v -2.588489 0.028816 -2.074085
v -2.651587 -0.450407 -1.834118
v -2.601249 -0.644503 -1.771306
v -2.369319 -1.097370 -1.789654
v -2.386500 -1.007098 -2.602999
v -2.176553 -1.127092 -2.933014
v -2.421654 -0.930286 -1.922834
v -2.522251 -0.800531 -2.218701
v -2.610064 -0.779818 -1.703854
v -2.693062 -0.646285 -1.611793
v -2.529075 -1.129120 -1.657569
v -2.768692 -0.963117 -1.534017
v -2.186226 -1.513047 -1.738169
v -3.002636 -1.301651 -1.379962
v -2.120553 -1.274364 -2.069829
v -2.078694 -1.447657 -1.844259
v -1.921185 -1.577405 -1.799088
v -1.950499 -1.679848 -1.644793
v -2.076225 -1.654593 -1.685319
v -2.378369 -1.677614 -1.611574
v -2.072760 -1.831671 -1.611613
v -3.241080 -1.355308 -1.285336
v -2.944854 -1.560431 -1.402460
v -2.509761 -1.708666 -1.564136
v -2.456181 -1.909806 -1.583282
v -1.986966 -1.850914 -1.580139
v -2.272308 -2.102208 -1.549985
v -2.762286 -1.761712 -1.512950
v -3.116472 -1.519830 -1.315327
v -3.210025 -1.688154 -1.353177
v -2.862673 -1.838194 -1.433955
v -2.602237 -2.034592 -1.499128
v -2.416686 -2.238144 -1.385296
v -2.575330 -2.230657 -1.325320
v -2.076033 -2.278679 -1.496020
v -1.982496 -2.289356 -1.450745
v -2.021587 -1.998918 -1.592678
v -2.031013 -2.369093 -1.416605
v -2.231083 -2.419366 -1.328031
v -2.292295 -2.271020 -1.423288
v -2.740833 -2.026209 -1.411620
v -2.898135 -1.915265 -1.344745
v -2.668181 -2.632452 -1.499696
v -2.671299 -2.486436 -1.443650
v -2.353744 -2.538741 -1.487393
v -2.345398 -2.585878 -1.167022
v -2.442643 -2.683085 -1.370535
v -2.603786 -2.661876 -1.503428
v -2.440958 -2.304759 -1.512733
v -2.737547 -2.421788 -1.317635
v -2.812315 -2.323551 -1.438893
v -2.921984 -2.328542 -1.473800
v -3.073020 -2.513023 -1.395187
v -2.647063 -2.748764 -1.386917
v -2.197213 -2.586221 -1.192689
v -2.050799 -2.561835 -1.156517
v -2.111426 -2.574637 -0.798541
v -2.008390 -2.510489 -0.958861
v -2.608316 -2.661880 -1.229424
v -2.744292 -2.678569 -1.367220
v -2.813522 -2.500116 -1.240054
v -2.947204 -2.550742 -1.369122
v -3.212645 -2.390970 -1.359500
v -3.057677 -2.540521 -1.186872
v -3.174688 -2.457873 -1.209228
v -3.244137 -2.331380 -1.130406
v -2.747871 -2.575917 -1.216591
v -2.472246 -2.599512 -1.090091
v -2.161492 -2.602415 -0.977543
v -2.450712 -2.622497 -1.008411
v -2.373065 -2.567704 -0.714514
v -2.664151 -2.553331 -1.141704
v -2.964652 -2.362328 -1.018726
v -2.952434 -2.542628 -1.213509
v -3.300363 -2.308328 -0.897620
v -2.837149 -2.415944 -0.823332
v -3.389781 -2.374942 -1.025337
v -3.387140 -2.340467 -1.158251
v -3.566672 -2.339321 -0.902563
v -3.498137 -2.317590 -0.793628
v -3.614438 -2.277095 -0.757492
v -2.659418 -2.463550 -0.524897
v -2.964525 -2.373439 -0.539616
v -3.475930 -2.324536 -0.509906
v -3.738365 -2.296899 -0.726792
v -3.637198 -2.199711 -0.787953
v -3.690902 -2.234937 -0.978232
v -3.693573 -2.090838 -0.754611
v -3.726151 -2.225628 -0.786351
v -3.789969 -2.268626 -0.478860
v -2.722258 -2.354693 -0.060293
v -3.915792 -2.419190 -0.678043
v -3.777856 -2.290108 -0.811382
v -3.941318 -2.196334 -0.411491
v -4.069788 -2.226091 -0.330271
v -3.658978 -2.272231 -0.153320
v -3.908772 -2.183596 -0.270510
v -4.271521 -2.064466 -0.419331
v -4.367823 -2.048749 -0.218479
v -4.103171 -2.225850 -0.158757
v -4.321953 -2.062716 -0.152151
v -3.993894 -0.971388 -0.282260
v -4.065001 -1.561031 -0.010937
v -3.962887 -1.455634 -0.386206
v -4.025426 -1.426634 -0.116837
v -4.072762 -1.251598 -0.214317
v -4.075933 -1.135881 -0.179807
v -4.021965 -1.317435 -0.544033
v -4.278682 -1.618762 -0.338135
v -4.265799 -1.624353 -0.204667
v -4.163718 -1.765085 -0.007743
v -4.154799 -1.638551 -0.485428
v -3.907372 -1.520080 -0.493692
v -4.039063 -1.180828 -0.549279
v -3.955464 -0.963960 -0.483294
v -3.901345 -1.061635 -0.753718
v -3.807889 -1.406335 -0.614490
v -3.822928 -1.480850 -0.563721
v -3.971589 -1.647577 -0.538936
v -4.215047 -1.867233 -0.505017
v -4.315999 -1.845171 -0.411637
v -4.356738 -1.813641 -0.204566
v -4.061522 -1.897187 -0.524300
v -3.884327 -1.231156 -0.722905
v -3.775958 -1.157899 -0.980563
v -3.813472 -1.424415 -0.790463
v -4.008328 -1.691794 -0.709738
v -4.117779 -2.030264 -0.754613
v -4.074389 -2.082031 -0.480117
v -4.080848 -2.247385 -0.689119
v -4.074104 -2.079902 -0.840469
v -3.842912 -2.158958 -0.929516
v -3.935691 -2.371415 -0.754188
v -3.797316 -1.977403 -0.961801
v -3.952951 -1.837179 -0.915197
v -3.998546 -1.752188 -0.869490
v -3.711985 -1.934209 -1.147426
v -3.711857 -2.080169 -1.132164
v -3.750214 -2.127491 -0.914333
v -3.503940 -1.930455 -1.254558
v -3.642841 -1.698756 -1.077955
v -3.708591 -1.730172 -0.943131
v -3.772708 -1.504247 -0.883757
v -3.698210 -1.529730 -1.133520
v -3.375815 -1.774252 -1.224633
v -3.604292 -2.059820 -1.241528
v -3.268102 -2.163091 -1.240952
v -3.236994 -2.016305 -1.226721
v -3.204891 -1.788216 -1.337132
v -3.805420 -1.348352 -0.957274
v -3.649306 -1.413931 -1.187232
v -3.386878 -1.505505 -1.312840
v -3.132129 -1.926839 -1.288152
v -3.175032 -2.217373 -1.388357
v -2.958797 -2.067187 -1.434073
v -3.481454 -1.215358 -1.156200
v -3.483751 -1.025056 -1.093561
v -3.660327 -1.049502 -0.930321
v -3.411790 -0.655192 -1.074514
v -3.042938 -0.938704 -1.360078
v -3.722735 -0.853126 -0.813684
v -2.919062 -0.639147 -1.428265
v -3.001237 -0.285073 -1.242512
v -2.759237 -0.427456 -1.461026
v -2.889843 -0.090251 -1.391740
v -2.790037 -0.262667 -1.558358
v -2.772205 -0.006276 -1.499034
v -2.963972 -0.002031 -1.252811
v -2.703381 -0.115886 -1.734853
v -2.743773 0.174196 -1.180427
v -2.271392 0.113183 -1.771199
v -2.079305 -0.017669 -1.738572
v -1.666141 0.007761 -1.943650
v -1.937887 -0.028137 -1.892926
v -2.164403 0.141450 -1.942671
v -1.867397 -2.205877 -1.001394
v -1.928160 -2.300302 -1.261464
v -2.057628 -1.333645 -2.126207
v -1.866789 -1.457582 -2.389603
v -2.303772 -1.183015 -2.529364
v -2.190106 -1.327670 -2.612952
v -1.729623 -1.412203 -2.413181
v -1.781021 -1.510792 -2.563123
v -2.024076 -1.446457 -2.665085
v -2.224891 -1.223001 -2.853652
v -1.793537 -1.521857 -2.850032
v -2.053025 -1.401266 -2.839160
v -2.197508 -1.303811 -2.793936
v -2.216920 -0.887598 -2.831079
v -2.094294 -1.206929 -2.954227
v -1.847456 -1.420682 -2.934484
v -1.828362 -0.691757 -3.094938
v 1.136779 -2.743153 -0.402410
v 0.106511 -2.499764 -0.401835
v -0.386563 -2.289807 -0.531946
v 0.812854 -2.673675 -0.524255
v 0.247481 -2.476522 -1.042986
v 0.118811 -2.337363 -1.415026
v -0.171762 -2.309152 -0.844082
v -0.240315 -1.992969 -1.796609
v 3.908116 -0.659389 -0.373982
v 4.050580 -0.253045 -0.275940
v 4.016313 -0.180001 -0.582096
v 0.273358 3.400115 -0.338518
v 0.792728 3.403196 -0.292173
v 0.659919 3.374247 -0.669498
v 1.176285 3.360956 -0.049500
v 1.334665 3.322734 -0.403118
v 1.224638 3.288913 -0.795052
v 1.446733 3.181208 -1.052540
v 2.190542 3.020161 -0.345525
v 1.793730 3.182022 -0.454321
v 1.862093 3.124270 -0.740747
v 2.195717 2.922841 -0.920889
v 2.471871 2.844127 -0.473068
v 2.909136 2.540626 -0.307992
v 3.367197 2.075943 -0.172603
v 3.510808 1.834192 -0.442561
v 3.642013 1.516472 -0.708595
v 3.318924 1.921031 -0.864011
v 3.829243 1.313593 -0.372076
v 3.865700 1.092871 -0.631121
v 3.725711 1.009707 -1.089223
v 4.015433 0.804551 -0.347128
v 3.590300 0.953304 -1.386441
v 3.950432 0.660775 -0.766230
v 4.083718 0.482596 -0.263394
v 3.787870 0.489930 -1.229916
v 3.480665 0.719100 -1.663350
v 3.958826 0.255969 -0.884941
v 3.674451 0.301303 -1.482152
v 3.199702 0.898687 -1.941395
v 3.882998 -0.227402 -0.977026
v 3.820527 -0.014270 -1.189956
v 2.965941 0.944201 -2.155036
v 2.845692 1.401702 -2.061713
v 3.338630 1.243677 -1.582092
v 3.458138 1.477277 -1.180718
v 2.980122 1.526832 -1.840387
v 3.115502 1.819520 -1.399406
v 2.756143 1.857625 -1.839167
v 3.022985 2.158018 -1.097281
v 2.505624 1.639109 -2.230634
v 2.518328 2.251870 -1.729143
v 3.063569 2.333135 -0.607780
v 2.902781 2.024388 -1.481717
v 2.778655 2.458151 -1.007357
v 2.555908 2.417627 -1.467047
v 2.412786 2.680366 -1.202383
v 2.149365 2.551209 -1.746309
v 2.323679 2.150595 -2.026933
v 2.037075 1.860420 -2.429553
v 2.195532 1.934925 -2.279746
v 1.660439 2.911505 -1.589153
v 1.863108 2.679885 -1.819058
v 1.762837 3.044938 -1.177920
v 2.099902 2.826794 -1.347224
v 2.647778 2.673293 -0.728630
v 3.682743 -0.404628 -1.323171
v 4.082572 0.124760 -0.380300
v 4.032343 0.471258 -0.564178
v -0.654906 3.239212 -0.215024
v 13.285838 1.014056 -0.429765
v 13.284819 0.777842 -0.712674
v -0.279380 0.697260 -0.725725
v -0.353062 -0.522960 0.428469
v 13.330229 -0.705290 0.092104
v 13.333879 -0.541127 0.507834
v -0.350698 -0.057544 0.812724
v 13.240695 0.019516 0.883869
v -0.356237 -0.632437 0.047196
v -0.357408 0.917467 -0.447936
v 13.287394 1.101964 -0.169460
v -0.355896 -0.531643 -0.427368
v -0.355506 1.051013 0.047923
v 13.278425 1.115219 0.084069
v 13.325343 -0.545421 -0.505609
v 13.289016 1.019448 0.416610
v -0.280454 -0.205142 -0.783326
v -0.345839 0.932692 0.432071
v 13.290042 -0.061046 -0.874664
v 13.295172 0.798723 0.696679
v -0.280468 0.618942 0.782266
v 13.289728 0.215312 -0.911467
v 13.289721 0.548093 0.844482
v -0.362292 0.257338 -0.838438
v 13.279796 0.474143 -0.873479
v 13.347041 -0.307507 0.766982
v 13.284813 0.307109 0.906865
v 19.796307 1.118234 -0.162737
v 13.335653 -0.374830 -0.709562
v 19.800005 1.086480 0.260711
v 19.804817 0.930155 0.562678
v 20.320311 0.824173 0.390113
v 18.875769 -0.552025 -0.507591
v 19.799295 0.297252 0.912577
v 19.799332 -0.058824 0.877604
v 19.792662 0.224338 -0.927010
v 19.803032 0.654729 0.799674
v 19.821102 -0.403481 0.687939
v 19.798954 0.643945 -0.806973
v 18.875769 -0.583463 0.494200
v 19.808136 -0.738682 0.002057
v 19.799295 0.916133 -0.582440
v 18.875769 -0.694464 -0.203107
v 20.321074 0.304969 0.753651
v 20.321035 -0.452022 0.378594
v 20.321264 -0.395115 -0.464257
v 20.320400 0.258761 -0.736614
v 20.320293 0.710456 -0.529342
v 20.320406 0.939348 -0.093339
v 14.259467 -2.095562 0.506861
v 15.182731 -2.095551 -0.507626
v 15.182730 -2.095551 0.506870
v 17.952517 -2.309772 -0.507600
v 18.875784 -3.174207 -0.507591
v 16.105982 -1.640815 0.506881
v 14.259471 -2.095562 -0.507635
v 16.106001 -2.843574 -0.507617
v 16.105991 -1.640815 -0.507617
v 13.336209 -2.843607 0.506853
v 18.875784 -3.174207 0.506908
v 13.336213 -2.843607 -0.507644
v 17.029251 -2.309783 0.506890
v 15.182730 -1.640826 -0.507626
v 19.819502 -0.342099 -0.747604
v 15.182727 -1.640826 0.506870
v 17.029257 -2.843563 0.506890
v 17.029257 -2.309783 -0.507609
v 17.952513 -2.309772 0.506899
v 17.952524 -3.174219 -0.507600
v 14.259473 -2.843596 0.506861
v 17.029259 -2.843563 -0.507609
v 16.105997 -2.843574 0.506881
v 14.259476 -2.843596 -0.507635
v 17.952518 -3.174219 0.506899
v -0.371641 0.421307 0.785322
vn 0.6663 -0.7457 0.0078
vn 0.7559 -0.6535 -0.0389
vn 0.7441 -0.6558 0.1274
vn 0.8052 -0.5923 0.0275
vn 0.6413 -0.7614 0.0944
vn 0.5811 -0.8139 0.0001
vn -0.5906 0.8067 -0.0206
vn -0.6334 0.7604 0.1432
vn -0.5994 0.7917 0.1186
vn -0.5919 0.7700 0.2383
vn -0.6014 0.7217 0.3427
vn -0.5988 0.8003 0.0325
vn -0.5521 0.8209 0.1457
vn -0.5266 0.8501 0.0109
vn -0.5319 0.8412 0.0969
vn -0.4348 0.8741 0.2164
vn -0.4372 0.8970 0.0654
vn -0.5115 0.8193 0.2592
vn -0.3321 0.9194 0.2109
vn 0.1403 0.9631 -0.2297
vn -0.3439 0.9378 -0.0475
vn -0.3179 0.9468 0.0505
vn -0.3918 0.9037 0.1724
vn -0.4677 0.8053 0.3643
vn 0.0395 0.9989 0.0255
vn 0.3132 0.9142 -0.2570
vn -0.4969 0.7673 0.4055
vn -0.2573 0.9596 0.1141
vn -0.3933 0.8492 0.3524
vn -0.3065 0.9262 0.2198
vn 0.0491 0.9472 0.3169
vn -0.3521 0.8128 0.4640
vn -0.2226 0.9143 0.3384
vn -0.4720 0.6702 0.5728
vn -0.1898 0.9807 0.0471
vn -0.1385 0.9713 0.1935
vn -0.0953 0.9871 0.1283
vn -0.3999 0.7297 0.5547
vn -0.2113 0.9275 0.3085
vn -0.2852 0.8461 0.4503
vn -0.0025 0.9619 0.2735
vn -0.0848 0.9338 0.3476
vn 0.0084 0.9800 0.1991
vn -0.2754 0.7213 0.6355
vn -0.3671 0.6274 0.6868
vn -0.2394 0.6020 0.7618
vn -0.1584 0.8473 0.5070
vn 0.0259 0.9038 0.4273
vn -0.0160 0.8051 0.5929
vn 0.1142 0.9325 0.3425
vn 0.1287 0.9615 0.2427
vn -0.0771 0.6839 0.7255
vn 0.1577 0.8641 0.4781
vn 0.1610 0.7671 0.6211
vn -0.0582 0.3855 0.9209
vn -0.0510 0.5950 0.8021
vn 0.1076 0.6307 0.7685
vn 0.2276 0.9046 0.3605
vn 0.0197 0.4924 0.8701
vn 0.0517 0.2768 0.9595
vn 0.1175 0.4329 0.8937
vn 0.2824 0.8138 0.5079
vn 0.2772 0.7367 0.6169
vn 0.2630 0.6208 0.7386
vn 0.1953 0.5531 0.8099
vn 0.0143 0.0478 0.9988
vn 0.0294 0.0842 0.9960
vn -0.0008 0.1055 0.9944
vn 0.0888 0.2439 0.9657
vn 0.2689 0.4158 0.8688
vn 0.3852 0.6814 0.6223
vn 0.1860 0.2425 0.9522
vn -0.1118 0.0954 0.9891
vn 0.0784 0.1393 0.9871
vn 0.3909 0.5571 0.7327
vn -0.0484 0.1127 0.9924
vn -0.0296 0.1979 0.9798
vn 0.0639 0.1536 0.9861
vn 0.2760 0.1885 0.9425
vn 0.3871 0.3240 0.8632
vn 0.4623 0.4522 0.7628
vn 0.1623 0.1310 0.9780
vn 0.5410 0.3732 0.7537
vn 0.4601 0.2482 0.8525
vn 0.2859 0.1255 0.9500
vn 0.4399 0.1571 0.8842
vn 0.2041 0.1099 0.9728
vn 0.0836 0.1630 0.9831
vn 0.4024 0.0760 0.9123
vn 0.5899 0.1765 0.7880
vn 0.6025 0.2508 0.7577
vn 0.3138 0.0393 0.9487
vn 0.1855 0.0086 0.9826
vn 0.5595 0.0829 0.8247
vn 0.4623 -0.0268 0.8863
vn 0.5862 -0.0697 0.8071
vn 0.7041 0.1443 0.6953
vn 0.6781 0.0028 0.7350
vn 0.7111 -0.1397 0.6890
vn 0.3532 -0.0578 0.9338
vn 0.7738 -0.0037 0.6334
vn 0.4764 -0.1773 0.8612
vn 0.6141 -0.2371 0.7528
vn 0.7560 -0.2872 0.5882
vn 0.8021 -0.1817 0.5688
vn 0.8083 -0.3373 0.4826
vn 0.7105 -0.3145 0.6295
vn 0.7570 -0.4363 0.4864
vn 0.8326 -0.0586 0.5507
vn 0.8142 -0.4304 0.3896
vn 0.8727 -0.2090 0.4413
vn 0.8812 -0.0994 0.4621
vn 0.8493 -0.3133 0.4249
vn 0.7734 -0.5172 0.3667
vn 0.7138 -0.5580 0.4232
vn 0.7659 -0.5703 0.2967
vn 0.7050 -0.6207 0.3430
vn 0.8277 -0.4921 0.2699
vn 0.7060 -0.6662 0.2401
vn 0.7802 -0.5899 0.2080
vn 0.8766 -0.3747 0.3020
vn 0.9119 -0.2576 0.3194
vn 0.8757 -0.4452 0.1870
vn 0.6437 -0.7404 0.1934
vn 0.8454 -0.5227 0.1099
vn 0.5734 -0.8113 0.1140
vn 0.5005 -0.8634 0.0635
vn 0.5000 -0.8648 -0.0458
vn 0.4406 -0.8880 0.1318
vn 0.4160 -0.9093 -0.0106
vn 0.5818 -0.7795 0.2324
vn 0.3299 -0.9435 0.0305
vn 0.4660 -0.8541 0.2311
vn 0.3172 -0.9217 0.2231
vn 0.2252 -0.9682 0.1089
vn 0.1814 -0.9834 -0.0008
vn 0.1358 -0.9633 0.2314
vn 0.2081 -0.9180 0.3377
vn 0.3967 -0.8539 0.3370
vn 0.5363 -0.7831 0.3148
vn -0.0054 -0.9864 0.1644
vn 0.0404 -0.9986 0.0345
vn -0.0720 -0.9940 0.0822
vn -0.0157 -0.9486 0.3161
vn 0.2488 -0.8459 0.4717
vn -0.1442 -0.9715 0.1879
vn 0.0703 -0.8792 0.4712
vn -0.0557 -0.8783 0.4749
vn -0.1536 -0.9343 0.3218
vn -0.2030 -0.9768 0.0681
vn -0.2326 -0.9646 0.1240
vn -0.2326 -0.9486 0.2147
vn 0.0628 -0.7695 0.6356
vn -0.1158 -0.8238 0.5550
vn -0.2506 -0.8998 0.3570
vn -0.3120 -0.9212 0.2325
vn -0.0228 -0.7366 0.6760
vn 0.0673 -0.6615 0.7469
vn -0.4390 -0.8670 0.2359
vn -0.4897 -0.8057 0.3333
vn -0.2086 -0.8584 0.4686
vn -0.0146 -0.7772 0.6291
vn 0.0645 -0.6326 0.7718
vn -0.4493 -0.7423 0.4971
vn -0.5409 -0.8123 0.2181
vn 0.1600 -0.6068 0.7786
vn 0.1797 -0.7896 0.5867
vn -0.1966 -0.8643 0.4629
vn -0.2876 -0.8484 0.4444
vn -0.5642 -0.7725 0.2914
vn -0.7404 -0.5831 0.3343
vn -0.8699 -0.4254 0.2495
vn -0.7095 -0.6917 -0.1345
vn -0.9540 -0.0269 -0.2985
vn -0.9864 -0.0727 -0.1476
vn -0.7877 -0.1849 -0.5877
vn -0.5319 -0.7318 -0.4261
vn -0.3060 -0.9515 -0.0318
vn 0.0660 -0.6566 0.7513
vn 0.1134 -0.6348 0.7643
vn 0.0783 -0.7075 0.7024
vn 0.3589 -0.4945 0.7916
vn 0.2780 -0.4286 0.8596
vn 0.3515 -0.3977 0.8475
vn 0.2883 -0.2364 0.9279
vn 0.1704 -0.3542 0.9195
vn 0.2229 -0.2242 0.9487
vn -0.0411 -0.7318 0.6803
vn -0.2476 -0.1743 -0.9530
vn -0.5829 0.2994 -0.7553
vn -0.9870 0.0681 0.1453
vn -0.6990 -0.3457 0.6260
vn -0.6987 -0.4337 0.5690
vn -0.4793 -0.2173 0.8503
vn -0.1765 0.2115 -0.9613
vn 0.0362 0.8244 -0.5649
vn -0.1687 0.9853 -0.0281
vn -0.0105 0.6044 -0.7966
vn -0.4764 0.5290 -0.7023
vn -0.9451 0.2690 0.1857
vn -0.6275 0.4998 0.5970
vn -0.8137 0.0812 0.5755
vn -0.7145 -0.0867 0.6943
vn -0.3857 0.8227 0.4176
vn -0.5839 0.4653 0.6652
vn -0.5281 0.1650 0.8330
vn -0.0594 0.9795 0.1925
vn 0.1530 0.6379 0.7548
vn 0.1824 0.9498 0.2543
vn 0.1652 0.9609 0.2221
vn 0.0328 -0.1291 -0.9911
vn 0.1896 0.2901 -0.9380
vn 0.2190 0.7559 -0.6170
vn 0.2313 0.4969 0.8364
vn 0.0717 0.4032 0.9123
vn -0.2042 0.2866 0.9360
vn -0.3578 0.2369 0.9033
vn -0.3232 0.3739 0.8693
vn -0.3890 -0.0923 0.9166
vn 0.1756 -0.0205 0.9843
vn -0.0115 0.0428 0.9990
vn 0.0442 -0.0625 0.9971
vn 0.0434 -0.3883 0.9205
vn 0.0239 0.4235 0.9056
vn 0.3888 0.7872 0.4786
vn -0.1071 -0.5440 0.8322
vn -0.1125 -0.4331 0.8943
vn -0.0845 -0.9932 0.0799
vn -0.0095 -0.8645 0.5025
vn 0.0146 -0.9284 0.3712
vn -0.1724 -0.2218 0.9597
vn 0.5535 0.7349 -0.3919
vn 0.3790 -0.0071 -0.9254
vn -0.0533 0.3792 0.9238
vn -0.1587 -0.6038 0.7812
vn -0.0135 -0.9863 -0.1642
vn -0.0557 -0.9769 -0.2063
vn 0.0691 -0.9952 -0.0698
vn -0.1603 -0.9830 -0.0892
vn 0.0017 -0.7671 -0.6415
vn -0.0612 -0.6691 -0.7406
vn 0.0106 -0.7858 -0.6184
vn 0.0021 -0.2760 -0.9612
vn 0.0825 -0.2961 -0.9516
vn 0.2265 -0.6182 -0.7526
vn 0.2069 -0.7192 -0.6632
vn 0.1545 -0.9570 -0.2455
vn 0.9819 0.1816 -0.0546
vn 0.8699 0.4876 0.0743
vn 0.6368 -0.0584 -0.7688
vn 0.9382 -0.1944 -0.2863
vn 0.4581 0.5794 0.6741
vn 0.3676 0.5039 0.7816
vn 0.5001 0.4222 0.7561
vn 0.6353 0.7642 0.1112
vn 0.1480 0.5875 0.7956
vn -0.3438 0.1358 0.9292
vn -0.2789 -0.5668 0.7752
vn 0.4170 -0.8527 -0.3146
vn 0.4950 -0.7192 -0.4876
vn 0.3760 -0.5324 -0.7584
vn 0.6730 -0.3432 -0.6552
vn 0.8768 -0.2973 0.3779
vn 0.8844 -0.4649 -0.0423
vn 0.7778 -0.2232 0.5875
vn 0.6455 0.1017 0.7569
vn -0.2359 0.3100 0.9210
vn -0.2922 -0.7925 0.5354
vn 0.1040 -0.9940 -0.0342
vn 0.1035 -0.9895 -0.1013
vn 0.4218 -0.8834 -0.2041
vn 0.7210 -0.5093 -0.4698
vn 0.4697 -0.4588 0.7542
vn 0.3549 -0.3343 0.8731
vn 0.3608 -0.3838 0.8500
vn 0.8279 -0.2428 0.5056
vn -0.1422 0.2864 0.9475
vn -0.2261 0.4106 0.8833
vn 0.3041 0.3531 0.8848
vn 0.5103 -0.3722 0.7753
vn -0.1207 -0.3264 0.9375
vn -0.0373 -0.3300 0.9432
vn 0.1002 -0.3373 0.9360
vn 0.0211 -0.2084 0.9778
vn -0.0173 -0.0412 0.9990
vn 0.5129 -0.4516 0.7301
vn -0.2512 -0.2531 0.9343
vn -0.2361 -0.3205 0.9174
vn -0.2443 -0.0282 0.9693
vn 0.4222 -0.3260 0.8459
vn -0.1039 0.0466 0.9935
vn -0.3053 0.1256 0.9439
vn -0.1236 0.1320 0.9835
vn -0.3161 -0.3446 0.8839
vn -0.3033 -0.2371 0.9229
vn -0.3246 -0.2920 0.8996
vn -0.3100 -0.1919 0.9311
vn -0.2526 0.1941 0.9479
vn 0.1875 0.0558 0.9807
vn 0.6481 -0.2350 0.7244
vn 0.5247 -0.0633 0.8489
vn -0.0833 0.1590 0.9838
vn -0.2209 0.2092 0.9526
vn -0.2560 0.0906 0.9624
vn -0.1967 0.2487 0.9484
vn -0.1678 0.1880 0.9677
vn 0.2192 0.0450 0.9746
vn 0.7619 -0.0501 0.6458
vn -0.1852 0.0980 0.9778
vn -0.0795 -0.0219 0.9966
vn -0.0388 0.2246 0.9737
vn -0.1456 0.0281 0.9889
vn -0.0566 -0.3173 0.9466
vn -0.0671 -0.2013 0.9772
vn 0.1478 0.0768 0.9860
vn 0.0480 0.0264 0.9985
vn -0.1028 0.0778 0.9916
vn 0.1325 -0.1116 0.9849
vn 0.2330 -0.0285 0.9721
vn -0.2458 -0.0546 0.9678
vn 0.1588 -0.2274 0.9608
vn 0.2293 -0.1252 0.9653
vn 0.1580 -0.1912 0.9688
vn 0.3135 -0.2992 0.9012
vn 0.1461 -0.3903 0.9090
vn 0.0995 -0.3368 0.9363
vn 0.3482 -0.1822 0.9195
vn 0.3480 -0.4579 0.8181
vn 0.0782 -0.4676 0.8805
vn 0.4840 -0.3276 0.8114
vn 0.4936 -0.5643 0.6618
vn 0.5911 -0.4209 0.6880
vn 0.3160 -0.6643 0.6774
vn 0.1981 -0.5846 0.7867
vn 0.0922 -0.5443 0.8338
vn 0.6601 -0.5176 0.5444
vn 0.5135 -0.6671 0.5398
vn 0.1870 -0.7489 0.6358
vn 0.3525 -0.7804 0.5164
vn 0.6180 -0.6784 0.3973
vn 0.4882 -0.7599 0.4293
vn 0.6469 -0.7032 0.2951
vn -0.4341 -0.2399 0.8683
vn -0.4594 -0.1713 0.8716
vn -0.4117 -0.5522 0.7250
vn -0.5771 -0.6269 0.5235
vn -0.2251 -0.6018 0.7663
vn -0.2075 -0.3643 0.9079
vn -0.3747 -0.7903 0.4847
vn -0.1813 -0.8405 0.5105
vn -0.0091 -0.6015 0.7988
vn 0.0197 -0.4569 0.8893
vn -0.0262 -0.8540 0.5197
vn -0.5794 -0.7164 0.3888
vn -0.2783 -0.8831 0.3778
vn -0.0610 -0.8974 0.4371
vn 0.1496 -0.8693 0.4710
vn 0.4384 -0.7863 0.4353
vn -0.1607 -0.9382 0.3065
vn -0.0017 -0.9541 0.2994
vn -0.3427 -0.8719 0.3499
vn 0.4430 -0.8018 0.4012
vn 0.0035 -0.9593 0.2824
vn -0.4425 -0.8402 0.3136
vn -0.1934 -0.9277 0.3194
vn 0.4090 -0.8094 0.4215
vn 0.8492 -0.3802 0.3665
vn -0.2903 -0.9118 0.2903
vn -0.3273 -0.8990 0.2910
vn -0.1311 -0.9484 0.2887
vn 0.6139 -0.3216 0.7209
vn 0.7986 -0.4483 0.4016
vn -0.0066 -0.9450 0.3270
vn -0.0043 -0.9222 0.3867
vn 0.6373 -0.7378 0.2224
vn 0.3061 -0.8964 0.3206
vn 0.8803 -0.3905 0.2695
vn 0.7707 -0.6371 0.0103
vn -0.1546 -0.9755 0.1568
vn -0.3487 -0.9182 0.1878
vn 0.3311 -0.9417 0.0601
vn 0.8526 -0.5147 0.0897
vn 0.9431 -0.2076 0.2598
vn 0.6732 -0.7370 -0.0602
vn -0.0107 -0.9995 0.0295
vn 0.8138 -0.5811 -0.0032
vn 0.7175 -0.6965 -0.0112
vn 0.4951 -0.8688 -0.0104
vn -0.2794 -0.9598 -0.0253
vn -0.2901 -0.9563 0.0362
vn 0.3855 -0.9225 0.0167
vn 0.1594 -0.9846 -0.0720
vn 0.0456 -0.9980 0.0444
vn -0.2975 -0.9530 -0.0570
vn -0.1845 -0.9808 -0.0627
vn -0.3295 -0.9408 -0.0800
vn -0.5651 0.6982 0.4395
vn -0.6242 0.7812 0.0056
vn -0.7221 0.6913 -0.0266
vn -0.5477 0.8288 0.1146
vn -0.4639 0.7595 0.4561
vn -0.7213 0.6755 0.1533
vn 0.6691 0.7432 -0.0082
vn 0.3119 0.9495 -0.0333
vn 0.6141 0.7869 -0.0605
vn 0.3466 0.9380 0.0073
vn -0.5427 0.8242 -0.1617
vn -0.9114 0.3412 -0.2301
vn -0.7834 0.5656 0.2577
vn -0.3566 0.7576 -0.5466
vn 0.1555 0.9811 0.1148
vn -0.1230 0.9924 -0.0025
vn -0.3002 0.8648 0.4026
vn -0.8980 0.4397 0.0123
vn -0.8888 0.3485 0.2977
vn -0.7876 0.6162 -0.0028
vn 0.0680 0.9951 -0.0716
vn 0.0327 0.9977 0.0597
vn -0.6259 0.6136 -0.4813
vn -0.6550 0.4380 -0.6157
vn -0.6644 0.4293 -0.6118
vn -0.6366 0.2432 -0.7319
vn -0.9572 0.0334 -0.2875
vn -0.9179 -0.1636 -0.3615
vn -0.9201 -0.1117 0.3754
vn -0.5545 -0.1900 -0.8102
vn -0.4391 0.5069 -0.7418
vn -0.7144 0.3140 -0.6254
vn -0.7560 0.4496 -0.4757
vn -0.8520 0.2562 -0.4565
vn -0.5303 0.0873 -0.8433
vn -0.5194 -0.0220 -0.8542
vn -0.5783 -0.0579 -0.8138
vn -0.7306 -0.4634 -0.5014
vn -0.9123 0.1764 -0.3697
vn -0.7980 0.3246 0.5078
vn -0.9125 0.2452 0.3275
vn -0.7378 0.3216 0.5935
vn -0.7031 0.2102 0.6794
vn -0.5503 0.3662 0.7504
vn -0.4386 0.4808 0.7592
vn -0.9010 0.3634 0.2371
vn -0.9094 0.1294 -0.3953
vn -0.8830 0.3641 0.2963
vn -0.8114 0.3164 0.4915
vn -0.9648 0.2469 0.0903
vn -0.5438 -0.1056 -0.8326
vn -0.9321 0.0361 -0.3605
vn -0.9796 0.1917 -0.0598
vn -0.5256 0.3977 0.7520
vn -0.5461 0.5436 0.6374
vn -0.6028 0.3462 0.7189
vn -0.5570 0.2511 0.7916
vn -0.6137 0.1755 0.7698
vn -0.2146 0.5940 0.7753
vn -0.3709 0.3249 0.8700
vn -0.7476 0.4236 0.5115
vn -0.9914 0.0358 -0.1261
vn -0.5706 -0.2824 -0.7711
vn -0.1518 0.4928 0.8568
vn -0.3261 0.7426 0.5850
vn -0.6036 0.6719 0.4292
vn -0.5810 0.1516 0.7997
vn -0.7241 0.0704 0.6861
vn -0.2728 0.8846 0.3783
vn -0.0805 0.8951 0.4385
vn -0.2208 0.6944 0.6848
vn -0.4215 0.3918 0.8178
vn -0.1190 0.3305 0.9363
vn -0.2012 0.3787 0.9034
vn 0.0678 0.6996 0.7113
vn 0.3817 0.7803 0.4955
vn 0.2690 0.8642 0.4252
vn 0.2373 0.6351 0.7351
vn -0.0310 0.5981 0.8009
vn 0.0616 0.5409 0.8388
vn -0.2904 0.7859 0.5459
vn 0.2355 0.9648 0.1173
vn 0.2005 0.9719 0.1236
vn 0.0548 0.9665 0.2506
vn -0.4820 0.8249 0.2952
vn -0.5880 0.4114 0.6964
vn -0.2746 0.0162 0.9614
vn 0.0126 0.1211 0.9926
vn -0.5339 0.0400 0.8446
vn -0.3175 0.1427 0.9374
vn -0.3414 0.2426 0.9081
vn -0.1286 0.7257 0.6759
vn -0.4651 -0.2409 0.8519
vn -0.6664 -0.1060 0.7380
vn 0.1453 0.4021 0.9040
vn -0.7692 0.4102 0.4899
vn 0.0246 0.9995 -0.0221
vn -0.9436 -0.0471 0.3277
vn -0.7572 0.5510 0.3509
vn -0.8268 0.2164 0.5193
vn -0.7594 0.0068 0.6506
vn -0.6673 -0.1960 0.7185
vn -0.7957 0.0322 0.6049
vn -0.8130 0.4075 0.4159
vn -0.5536 0.8301 0.0665
vn -0.7694 0.5998 0.2197
vn -0.8481 0.3983 0.3495
vn -0.6996 -0.2081 0.6835
vn -0.5195 -0.4232 0.7423
vn -0.9094 0.1398 0.3917
vn -0.9682 -0.1724 0.1812
vn -0.8600 -0.1206 0.4958
vn -0.7457 -0.4233 0.5145
vn -0.5827 -0.4438 0.6809
vn -0.8439 -0.3248 0.4270
vn -0.8779 -0.4213 0.2276
vn -0.8334 -0.5306 -0.1544
vn -0.9249 -0.3757 -0.0581
vn -0.9609 0.1354 0.2415
vn -0.8805 0.4263 0.2072
vn -0.5505 0.5001 -0.6684
vn -0.8287 0.3228 -0.4573
vn -0.7652 0.6316 -0.1248
vn -0.2400 0.6871 -0.6858
vn -0.6906 0.6877 -0.2242
vn -0.7626 0.0294 -0.6462
vn -0.9990 -0.0420 0.0155
vn -0.8741 -0.4159 -0.2509
vn -0.7129 -0.3851 -0.5861
vn -0.7816 -0.6158 0.0993
vn -0.7507 -0.5833 0.3103
vn -0.8129 -0.2231 -0.5380
vn -0.7994 -0.3366 -0.4977
vn -0.4833 0.2224 -0.8467
vn -0.2579 0.6217 -0.7396
vn -0.6178 -0.0329 -0.7856
vn -0.9689 -0.0128 -0.2469
vn -0.9691 -0.1823 0.1660
vn -0.8971 -0.4383 -0.0561
vn -0.8171 -0.5649 0.1148
vn -0.7055 0.1307 0.6966
vn -0.7947 0.3690 -0.4820
vn -0.8074 0.2936 0.5118
vn -0.6656 0.6182 -0.4182
vn -0.9262 0.0804 0.3683
vn -0.7099 0.2346 0.6641
vn -0.3336 0.2107 0.9189
vn -0.1245 0.3251 0.9375
vn -0.7284 0.4941 0.4747
vn -0.5032 0.8105 -0.2998
vn -0.2000 0.1850 0.9622
vn -0.2857 0.2077 0.9355
vn -0.4600 0.3310 0.8239
vn 0.2524 0.1904 0.9487
vn -0.0447 0.2780 0.9595
vn 0.5413 -0.0153 0.8407
vn 0.8146 -0.0220 0.5796
vn 0.7976 -0.0792 0.5979
vn -0.1746 0.4268 0.8873
vn 0.1092 0.0170 0.9939
vn 0.1423 -0.1872 0.9720
vn 0.1168 -0.3730 0.9205
vn -0.0784 -0.0978 0.9921
vn -0.1286 -0.1646 0.9779
vn 0.2281 -0.2085 0.9511
vn 0.6939 -0.1765 0.6981
vn -0.1489 0.5230 0.8392
vn -0.1720 0.5516 0.8162
vn -0.1249 0.7563 0.6422
vn -0.1601 0.4282 0.8894
vn -0.0887 0.0562 0.9945
vn 0.4538 -0.0637 0.8888
vn -0.3918 0.7440 0.5413
vn -0.2597 0.9362 0.2370
vn 0.0341 -0.1149 0.9928
vn -0.1718 0.8378 0.5183
vn -0.0419 0.8153 0.5775
vn -0.0061 0.8806 0.4739
vn 0.1320 0.9571 0.2581
vn 0.2573 0.9594 0.1156
vn -0.0300 0.9600 0.2782
vn -0.3363 0.5716 0.7485
vn -0.4045 0.7100 0.5764
vn -0.3670 0.8577 0.3600
vn -0.2551 0.9237 0.2857
vn 0.3433 0.9298 -0.1328
vn -0.2247 0.9154 0.3340
vn -0.6852 0.4753 0.5519
vn -0.7687 0.2725 0.5786
vn -0.8776 -0.0257 0.4787
vn -0.9095 -0.2801 0.3071
vn -0.8033 -0.4378 0.4037
vn -0.3890 0.8402 0.3779
vn -0.8121 -0.1077 0.5735
vn -0.7057 -0.6563 0.2668
vn -0.5443 -0.6484 0.5323
vn -0.6585 -0.4313 0.6168
vn -0.4158 -0.5223 0.7446
vn -0.3190 -0.6038 0.7305
vn -0.7793 -0.0530 0.6244
vn -0.6536 0.6383 0.4067
vn -0.6900 0.6607 0.2955
vn -0.5954 -0.3048 0.7434
vn -0.2714 -0.6189 0.7371
vn -0.4072 -0.4129 0.8147
vn -0.7571 0.5944 0.2713
vn -0.7864 0.0775 0.6129
vn -0.3208 0.9470 -0.0132
vn -0.1798 0.9833 0.0284
vn -0.7043 -0.2000 0.6811
vn -0.3071 -0.6196 0.7224
vn -0.2915 -0.5920 0.7514
vn -0.7928 -0.0110 0.6093
vn -0.8286 0.1937 0.5253
vn -0.1331 0.9241 -0.3583
vn -0.0175 0.9847 -0.1734
vn 0.1989 0.8733 -0.4446
vn -0.6569 0.6984 0.2843
vn -0.3033 0.8179 -0.4889
vn -0.2217 -0.7422 0.6324
vn -0.2840 -0.6657 0.6900
vn -0.5362 -0.6057 0.5880
vn -0.4459 -0.6339 0.6319
vn -0.5620 -0.6623 0.4956
vn -0.6853 -0.2798 0.6724
vn -0.9077 -0.2912 0.3023
vn -0.9707 -0.0831 0.2255
vn -0.9955 0.0526 0.0785
vn -0.9039 0.4241 -0.0550
vn -0.5691 0.7359 -0.3669
vn -0.7303 0.6600 0.1761
vn -0.6070 -0.6828 0.4066
vn -0.8094 -0.5201 -0.2727
vn -0.9221 -0.3848 -0.0411
vn -0.7360 -0.5059 0.4499
vn -0.6350 0.1210 0.7630
vn -0.5020 0.6011 -0.6219
vn -0.6949 0.6048 0.3890
vn -0.6584 0.7525 0.0141
vn -0.6018 0.7944 -0.0821
vn -0.8699 0.2785 -0.4070
vn -0.9793 0.1538 0.1317
vn -0.7396 -0.5505 -0.3872
vn -0.3153 0.2085 0.9258
vn -0.3013 0.1532 0.9411
vn -0.2112 -0.0372 0.9767
vn -0.2478 -0.5271 0.8129
vn -0.6508 0.2640 0.7118
vn -0.7813 0.5888 0.2069
vn -0.7729 0.6345 -0.0080
vn -0.7652 0.6260 0.1504
vn -0.6975 0.6799 0.2264
vn -0.6894 0.3387 0.6404
vn -0.6216 0.5136 0.5915
vn -0.6631 0.7458 0.0640
vn -0.7713 0.5724 0.2782
vn -0.6758 0.7020 -0.2247
vn -0.7802 -0.4370 -0.4475
vn -0.7812 -0.5515 -0.2925
vn -0.8655 -0.4329 -0.2521
vn -0.7831 -0.5540 0.2827
vn -0.8692 -0.4943 0.0108
vn -0.9388 -0.3129 -0.1444
vn -0.9999 -0.0102 -0.0094
vn -0.9735 -0.2283 -0.0142
vn -0.8660 0.4831 0.1292
vn -0.9973 0.0576 -0.0451
vn -0.3909 0.9031 0.1780
vn -0.1808 0.9738 0.1379
vn -0.5939 0.3211 0.7377
vn -0.6851 0.4467 0.5754
vn -0.7547 0.6077 0.2473
vn -0.5402 0.8219 -0.1807
vn -0.5853 0.7195 0.3737
vn -0.7296 0.1962 0.6551
vn -0.4298 0.2744 0.8602
vn -0.7549 0.1580 0.6366
vn -0.8145 0.1655 0.5560
vn -0.4286 0.8946 0.1263
vn -0.3965 0.9178 0.0220
vn 0.0005 0.8856 -0.4645
vn -0.2379 0.9648 -0.1119
vn -0.4525 0.8525 -0.2618
vn -0.6906 0.2118 0.6915
vn -0.8708 0.1984 0.4498
vn -0.9480 0.2701 0.1684
vn -0.8038 -0.1131 0.5840
vn -0.7742 0.5512 0.3113
vn 0.0784 0.9723 -0.2203
vn -0.9255 0.0317 0.3774
vn -0.9569 -0.2573 0.1349
vn -0.8673 -0.3757 0.3266
vn -0.8149 -0.1136 0.5684
vn -0.7724 -0.1388 0.6197
vn -0.8079 0.0386 0.5881
vn -0.8781 0.1295 0.4605
vn -0.9729 -0.2094 -0.0982
vn -0.8323 -0.5509 0.0621
vn -0.9114 -0.3162 0.2634
vn -0.6260 0.7636 0.1584
vn 0.1210 0.9860 -0.1146
vn -0.9165 0.1244 0.3802
vn -0.9642 -0.1346 0.2285
vn -0.6765 -0.4429 0.5884
vn -0.7925 -0.6063 -0.0652
vn -0.3039 -0.2779 0.9113
vn -0.9109 -0.4108 0.0386
vn -0.6613 -0.7451 0.0868
vn -0.5199 -0.2375 0.8205
vn -0.6848 -0.2044 0.6995
vn -0.9062 -0.1804 0.3825
vn -0.8045 -0.0198 0.5936
vn -0.7614 0.0683 0.6447
vn -0.5485 -0.0717 0.8330
vn -0.4706 -0.6709 0.5731
vn -0.4064 -0.3747 0.8333
vn -0.3570 -0.2175 0.9084
vn -0.4268 -0.0502 0.9030
vn -0.5168 0.0381 0.8553
vn -0.0818 -0.2275 0.9703
vn -0.2396 -0.6238 0.7439
vn -0.1530 -0.7730 0.6157
vn -0.1443 -0.7409 0.6560
vn 0.2425 -0.5521 0.7977
vn -0.2702 -0.0126 0.9627
vn -0.3868 0.1347 0.9123
vn -0.2607 0.1689 0.9505
vn -0.3550 0.1178 0.9274
vn -0.2190 -0.1085 0.9697
vn 0.5272 -0.2026 0.8252
vn 0.1253 -0.3740 0.9189
vn 0.6115 -0.3905 0.6882
vn -0.1698 -0.4039 0.8989
vn -0.3357 0.0432 0.9410
vn -0.3361 -0.1155 0.9347
vn -0.4635 -0.4189 0.7808
vn -0.5352 -0.4584 0.7095
vn -0.2872 -0.3792 0.8796
vn -0.2747 0.1683 0.9467
vn 0.0056 0.0252 0.9997
vn 0.0084 -0.5192 0.8546
vn 0.0451 -0.5149 0.8561
vn 0.7371 -0.3510 0.5775
vn 0.9420 -0.2380 0.2366
vn 0.3824 -0.6873 0.6176
vn 0.3556 -0.4246 0.8326
vn 0.1580 0.4337 0.8871
vn -0.3387 -0.2560 0.9054
vn -0.1047 -0.1344 0.9854
vn -0.1121 0.0309 0.9932
vn 0.3165 -0.3092 0.8968
vn -0.6050 0.5082 0.6129
vn -0.7334 0.3641 0.5741
vn -0.4995 -0.5260 0.6884
vn -0.1436 -0.3133 0.9387
vn -0.5750 -0.4616 0.6756
vn -0.4004 -0.5797 0.7097
vn -0.5622 -0.5666 0.6025
vn -0.3681 -0.5797 0.7270
vn -0.0057 0.0356 0.9994
vn -0.0962 0.5006 0.8603
vn -0.2355 0.4012 0.8852
vn 0.0782 0.3430 0.9361
vn -0.5826 -0.0081 0.8127
vn -0.6192 0.2698 0.7374
vn 0.5458 -0.4235 0.7230
vn 0.8077 -0.0442 0.5879
vn 0.2215 -0.7544 0.6179
vn 0.2285 -0.9563 0.1825
vn 0.0441 -0.8735 0.4848
vn 0.5558 -0.7915 0.2543
vn -0.1701 -0.6414 0.7482
vn 0.4996 -0.8374 0.2215
vn 0.0281 -0.5288 0.8483
vn -0.8483 0.1169 0.5164
vn -0.7549 -0.3490 0.5552
vn -0.5055 -0.4733 0.7214
vn -0.5303 0.1012 0.8417
vn -0.7673 -0.3527 0.5356
vn 0.1297 -0.4490 0.8841
vn 0.4923 -0.5132 0.7030
vn -0.7781 0.1352 0.6134
vn -0.2636 -0.9575 -0.1175
vn -0.9528 -0.2229 0.2060
vn -0.5616 -0.6263 0.5407
vn -0.3501 -0.6841 0.6399
vn 0.1309 -0.8166 0.5622
vn 0.6491 -0.7604 -0.0224
vn 0.2763 -0.9610 0.0117
vn -0.2027 -0.9785 -0.0375
vn -0.0541 -0.9985 -0.0114
vn 0.2467 -0.8729 -0.4209
vn -0.1238 -0.8557 -0.5025
vn -0.0032 -0.8753 -0.4836
vn -0.4308 -0.7412 -0.5149
vn -0.6314 -0.4898 -0.6012
vn 0.5768 -0.7855 0.2243
vn 0.3967 -0.9175 -0.0291
vn -0.1148 -0.9863 0.1184
vn -0.2818 -0.9123 0.2973
vn -0.0252 -0.9994 0.0226
vn -0.4326 -0.8958 -0.1018
vn -0.4307 -0.7987 -0.4202
vn 0.1623 -0.9706 -0.1778
vn 0.3366 -0.8089 -0.4821
vn -0.4187 -0.7550 -0.5046
vn -0.4225 -0.8072 -0.4122
vn -0.1454 -0.8475 -0.5105
vn -0.4036 -0.8968 -0.1814
vn -0.2708 -0.9224 -0.2756
vn 0.0128 -0.7150 -0.6990
vn -0.0060 -0.9027 -0.4303
vn -0.2252 -0.9688 0.1035
vn 0.1128 -0.9878 -0.1069
vn -0.3214 -0.9456 -0.0512
vn -0.1730 -0.9849 0.0087
vn 0.0469 -0.9899 -0.1335
vn 0.1442 -0.9888 0.0381
vn 0.0766 -0.6224 0.7789
vn -0.4086 -0.6471 0.6436
vn -0.2376 -0.9465 -0.2182
vn -0.2731 -0.9609 -0.0454
vn -0.2345 -0.9675 -0.0945
vn -0.1403 -0.9857 -0.0931
vn 0.2652 -0.9622 -0.0626
vn -0.2750 -0.8873 0.3702
vn -0.9600 -0.2793 0.0204
vn -0.6581 -0.7525 -0.0269
vn -0.9217 -0.2510 0.2957
vn -0.8543 -0.5009 0.1386
vn -0.3202 -0.9470 -0.0263
vn -0.1417 -0.9878 -0.0645
vn -0.0035 -0.9535 -0.3013
vn -0.2111 -0.9555 -0.2060
vn -0.0053 -0.9957 -0.0928
vn -0.4655 -0.7241 -0.5089
vn 0.5714 -0.7867 -0.2335
vn -0.2453 -0.6834 0.6876
vn -0.2017 -0.8266 0.5255
vn 0.6173 -0.7855 0.0435
vn -0.8122 -0.5240 0.2563
vn -0.1408 -0.9697 0.1996
vn -0.6773 -0.6221 0.3927
vn -0.1505 -0.9884 0.0214
vn -0.0853 -0.9953 -0.0458
vn -0.4363 -0.4396 0.7851
vn -0.5499 -0.6108 0.5696
vn -0.1529 -0.9763 -0.1535
vn 0.0516 -0.9725 -0.2273
vn -0.2303 -0.9728 -0.0258
vn -0.1748 -0.9840 0.0337
vn -0.4307 -0.7312 -0.5290
vn -0.5583 -0.8205 -0.1229
vn -0.4511 -0.7175 -0.5308
vn -0.5435 -0.8335 -0.0994
vn -0.9172 -0.3543 -0.1826
vn -0.7002 -0.4951 -0.5145
vn -0.4637 -0.3674 -0.8062
vn -0.9669 -0.2519 -0.0406
vn -0.3653 -0.9243 0.1106
vn -0.9881 -0.1479 -0.0431
vn -0.9850 -0.1523 -0.0811
vn -0.9877 -0.1537 -0.0283
vn -0.9741 0.2262 0.0016
vn -0.9631 0.2415 -0.1190
vn -0.9752 0.2212 0.0076
vn -0.9690 0.2469 0.0028
vn -0.9275 0.3644 0.0830
vn -0.9869 -0.1597 0.0218
vn -0.8285 0.5156 -0.2184
vn -0.7297 0.6813 -0.0581
vn -0.8263 0.5347 0.1769
vn -0.8321 0.5499 -0.0715
vn -0.5989 0.7891 -0.1365
vn -0.7642 0.5748 -0.2926
vn -0.6524 0.5826 -0.4848
vn -0.9759 0.1025 0.1925
vn -0.8916 0.3143 0.3260
vn -0.9030 -0.1641 0.3970
vn -0.8971 -0.1165 0.4262
vn -0.4610 0.7987 0.3868
vn -0.8644 0.5013 0.0383
vn -0.8284 0.2246 -0.5131
vn -0.9163 0.2590 -0.3055
vn -0.4716 0.7425 0.4757
vn -0.4635 0.7544 0.4649
vn -0.3380 0.5298 0.7779
vn -0.3802 0.6543 0.6537
vn -0.7095 0.5635 0.4233
vn -0.6026 0.5589 0.5697
vn -0.8553 0.3983 0.3314
vn -0.9101 0.1123 0.3988
vn -0.8794 0.0294 0.4751
vn -0.8427 -0.5074 0.1801
vn -0.9035 -0.0479 0.4259
vn -0.8074 -0.2828 0.5178
vn -0.6038 -0.4963 0.6237
vn -0.6198 -0.5153 0.5919
vn -0.6802 0.3382 0.6503
vn -0.7424 0.6230 0.2463
vn -0.3436 0.2287 0.9108
vn -0.3438 0.2108 0.9151
vn -0.4665 0.1682 0.8684
vn -0.3956 -0.0601 0.9165
vn -0.7951 0.0461 0.6047
vn -0.6511 -0.0536 0.7571
vn -0.8581 0.3156 0.4052
vn -0.9748 0.1197 0.1881
vn -0.7626 0.1007 -0.6390
vn -0.6378 0.1137 -0.7617
vn -0.9888 0.1478 0.0200
vn -0.7522 0.5181 0.4070
vn -0.8094 0.2433 0.5344
vn -0.6183 0.3607 0.6983
vn -0.8812 -0.4678 0.0680
vn -0.9510 -0.2443 0.1896
vn -0.9348 -0.0491 0.3518
vn -0.8511 0.0410 0.5234
vn -0.7837 0.5817 0.2180
vn -0.8054 0.5727 -0.1528
vn -0.8821 0.4638 0.0823
vn -0.9889 0.0931 0.1156
vn -0.8926 -0.4003 -0.2074
vn -0.8325 -0.4949 0.2491
vn -0.9987 0.0478 -0.0191
vn -0.7686 -0.1377 0.6247
vn -0.6654 0.2709 0.6956
vn -0.2079 -0.3895 0.8972
vn -0.7142 -0.2366 0.6588
vn -0.7541 -0.0263 0.6562
vn -0.4177 -0.0502 0.9072
vn -0.6938 0.1180 0.7104
vn -0.8934 0.1885 0.4077
vn -0.4955 0.0569 0.8668
vn -0.5317 0.2233 0.8170
vn -0.0460 0.1205 0.9916
vn -0.3662 -0.1402 0.9199
vn -0.6953 -0.1698 0.6984
vn -0.4655 0.3498 0.8130
vn -0.6906 0.2687 0.6715
vn -0.7346 -0.2186 0.6424
vn -0.4282 0.0097 0.9036
vn -0.3489 0.0950 0.9323
vn -0.4749 -0.1671 0.8640
vn -0.4008 -0.0914 0.9116
vn -0.5550 0.1663 0.8150
vn -0.8145 0.0773 0.5750
vn -0.9200 -0.3069 0.2438
vn -0.9349 -0.2907 0.2037
vn -0.2604 0.2179 0.9406
vn -0.1546 0.2026 0.9670
vn -0.4974 0.3413 0.7976
vn -0.6844 0.2962 0.6663
vn -0.2302 0.6242 0.7465
vn -0.1900 -0.5668 0.8016
vn -0.5200 0.2568 0.8147
vn -0.3313 0.4423 0.8334
vn -0.2814 0.6362 0.7183
vn -0.4700 0.4405 0.7649
vn -0.8111 0.0555 0.5823
vn -0.7730 0.2630 0.5774
vn -0.7942 0.1933 0.5761
vn -0.7164 0.5561 0.4213
vn -0.3310 0.8996 0.2848
vn 0.4298 0.8747 -0.2239
vn 0.1411 0.9086 -0.3931
vn -0.2831 0.9565 -0.0706
vn 0.3057 0.9270 -0.2172
vn 0.4746 0.7934 -0.3810
vn -0.3424 0.9178 -0.2009
vn 0.2420 -0.9230 0.2992
vn -0.3635 -0.8130 0.4549
vn -0.3228 -0.8557 0.4045
vn -0.3519 -0.9247 0.1450
vn 0.4554 -0.7821 0.4254
vn -0.2839 -0.9549 0.0866
vn -0.1564 -0.9852 -0.0704
vn 0.7350 -0.6767 0.0439
vn 0.5754 -0.8161 -0.0544
vn -0.4379 -0.8964 -0.0689
vn 0.6346 -0.7701 -0.0652
vn 0.2716 -0.9624 -0.0016
vn -0.6778 -0.7345 -0.0346
vn -0.2260 -0.9462 -0.2315
vn -0.1841 -0.8878 -0.4218
vn -0.1648 -0.9669 -0.1949
vn 0.2975 -0.9186 -0.2602
vn 0.3275 -0.9266 -0.1850
vn -0.8748 -0.4786 0.0751
vn -0.7011 -0.5398 0.4659
vn -0.8804 -0.1244 0.4577
vn -0.5213 -0.7682 0.3716
vn -0.4591 -0.3369 0.8221
vn -0.6247 -0.2149 0.7507
vn -0.5998 -0.0605 0.7979
vn -0.5833 0.1016 0.8059
vn -0.6835 0.4238 0.5944
vn -0.2832 -0.9590 0.0062
vn -0.1604 -0.9870 0.0047
vn -0.2966 -0.9512 0.0846
vn -0.3670 -0.9162 0.1607
vn -0.4604 -0.8586 0.2254
vn -0.2957 -0.9535 0.0577
vn -0.2993 -0.9480 -0.1088
vn 0.8586 -0.5106 -0.0456
vn 0.8994 -0.4357 0.0338
vn 0.9258 -0.3459 0.1524
vn 0.9487 -0.3154 0.0209
vn 0.9607 -0.2055 0.1867
vn 0.9850 -0.1718 0.0178
vn 0.9886 -0.0477 0.1425
vn 0.9997 -0.0236 -0.0079
vn 0.9885 0.1333 0.0719
vn -0.2494 0.9680 -0.0263
vn -0.0750 0.9964 0.0407
vn -0.1537 0.9881 0.0003
vn 0.0171 0.9981 0.0586
vn 0.0774 0.9860 0.1476
vn 0.1438 0.9861 0.0836
vn 0.0629 0.9966 -0.0526
vn 0.1672 0.9859 -0.0014
vn 0.2419 0.9659 0.0926
vn 0.2925 0.9561 0.0158
vn 0.2006 0.9579 0.2053
vn 0.2984 0.9261 0.2308
vn 0.3669 0.9239 0.1088
vn 0.3851 0.9229 0.0005
vn 0.4203 0.8841 0.2041
vn 0.4833 0.8736 0.0566
vn 0.4621 0.8839 -0.0715
vn 0.5330 0.8324 0.1517
vn 0.5975 0.7941 0.1110
vn 0.5910 0.8067 -0.0013
vn 0.6719 0.7377 0.0658
vn 0.7314 0.6818 -0.0128
vn 0.7319 0.6670 0.1396
vn 0.7963 0.6036 0.0399
vn 0.7756 0.6268 -0.0744
vn 0.8208 0.5569 0.1268
vn 0.7413 0.6181 0.2614
vn 0.8884 0.4590 0.0008
vn 0.8452 0.5334 -0.0349
vn 0.8162 0.5150 0.2618
vn 0.8864 0.4400 0.1437
vn 0.8777 0.4047 0.2567
vn 0.8067 0.4360 0.3990
vn 0.7586 0.5152 0.3989
vn 0.8709 0.3344 0.3602
vn 0.9435 0.3029 0.1342
vn 0.9369 0.3496 -0.0030
vn 0.9407 0.2497 0.2296
vn 0.9715 0.2369 -0.0019
vn 0.9223 0.1742 0.3450
vn 0.7826 0.3700 0.5006
vn 0.8539 0.2644 0.4483
vn 0.9731 0.1051 0.2052
vn 0.9616 -0.0062 0.2744
vn 0.8770 0.1421 0.4589
vn 0.9251 0.0240 0.3789
vn 0.8140 0.2147 0.5397
vn 0.7414 0.2695 0.6146
vn 0.8589 0.0496 0.5097
vn 0.7858 0.1275 0.6052
vn 0.9348 -0.1208 0.3340
vn 0.7015 0.3390 0.6269
vn 0.6390 0.3773 0.6704
vn 0.7088 0.4526 0.5411
vn 0.6863 0.5283 0.4999
vn 0.6109 0.4704 0.6368
vn 0.6904 0.6245 0.3651
vn 0.6058 0.5725 0.5526
vn 0.5570 0.5169 0.6501
vn 0.6340 0.6276 0.4519
vn 0.6441 0.7273 0.2370
vn 0.5856 0.7266 0.3593
vn 0.5176 0.6739 0.5272
vn 0.4994 0.5842 0.6398
vn 0.5094 0.7419 0.4360
vn 0.5212 0.8152 0.2525
vn 0.4549 0.8234 0.3393
vn 0.3768 0.7933 0.4782
vn 0.3369 0.8738 0.3506
vn 0.1472 0.8090 0.5691
vn -0.8633 -0.5040 -0.0252
vn -0.9141 -0.4052 0.0164
vn 0.6730 -0.7334 -0.0955
vn 0.8366 -0.5318 -0.1318
vn 0.5995 -0.7950 -0.0927
vn -0.6021 0.7798 -0.1713
vn -0.6335 0.7194 -0.2849
vn -0.7095 0.6833 -0.1723
vn -0.5742 0.8103 -0.1173
vn -0.5162 0.8030 -0.2979
vn -0.5938 0.7243 -0.3504
vn -0.5603 0.7876 -0.2564
vn -0.4618 0.8816 -0.0974
vn 0.0147 0.9919 0.1261
vn -0.5161 0.8525 -0.0832
vn -0.4306 0.7883 -0.4395
vn -0.5565 0.7356 -0.3863
vn 0.1590 0.9761 0.1480
vn -0.4988 0.8300 -0.2496
vn -0.3784 0.9124 -0.1562
vn -0.5607 0.7277 -0.3951
vn -0.0655 0.9978 -0.0050
vn 0.1689 0.9728 0.1588
vn -0.1053 0.9701 -0.2186
vn -0.3426 0.9036 -0.2573
vn -0.2509 0.9617 -0.1101
vn -0.4641 0.7905 -0.3997
vn -0.5313 0.6629 -0.5276
vn -0.2724 0.7404 0.6145
vn 0.1429 0.6234 -0.7688
vn 0.1578 0.9092 0.3852
vn -0.5663 0.7525 -0.3363
vn -0.3781 0.9036 -0.2012
vn -0.4701 0.4942 -0.7313
vn -0.3702 0.5641 -0.7381
vn -0.3969 0.5183 -0.7575
vn -0.3943 0.5067 -0.7667
vn -0.4848 0.7000 -0.5244
vn -0.5680 0.8062 -0.1655
vn -0.5422 0.8401 -0.0174
vn -0.5125 0.8553 0.0769
vn -0.4021 0.4934 -0.7713
vn -0.5123 0.8535 0.0954
vn 0.2431 0.9684 -0.0560
vn 0.2573 0.9663 -0.0045
vn 0.2559 0.9666 -0.0139
vn -0.3363 0.8134 -0.4747
vn -0.4389 0.6853 -0.5811
vn -0.2843 0.8245 -0.4892
vn -0.4979 0.7446 -0.4446
vn -0.5511 0.8277 -0.1061
vn -0.4061 0.5620 -0.7206
vn -0.3714 0.6602 -0.6528
vn -0.1631 0.9673 -0.1945
vn -0.1619 0.9852 -0.0556
vn -0.2574 0.9237 -0.2837
vn -0.2881 0.7332 -0.6160
vn -0.3297 0.5245 -0.7850
vn -0.4403 0.7853 -0.4352
vn -0.5832 0.8048 -0.1101
vn -0.3392 0.5753 -0.7443
vn -0.3992 0.7517 -0.5249
vn -0.2389 0.5769 -0.7811
vn -0.0728 0.9868 -0.1448
vn -0.0610 0.9971 -0.0451
vn -0.3168 0.8339 -0.4519
vn -0.2471 0.8312 -0.4980
vn -0.0360 0.9695 -0.2426
vn -0.1443 0.9297 -0.3388
vn 0.0465 0.9891 -0.1394
vn -0.4097 0.6579 -0.6319
vn -0.2808 0.7182 -0.6367
vn -0.0389 0.9094 -0.4142
vn 0.1013 0.9612 -0.2565
vn 0.0620 0.9439 -0.3242
vn -0.2980 0.6220 -0.7241
vn -0.2570 0.7952 -0.5491
vn 0.1002 0.8960 -0.4327
vn -0.0365 0.8105 -0.5846
vn -0.1925 0.6574 -0.7286
vn -0.1769 0.5565 -0.8118
vn 0.1617 0.8479 -0.5049
vn 0.2072 0.9081 -0.3639
vn -0.0358 0.7274 -0.6852
vn 0.0034 0.6475 -0.7621
vn 0.1587 0.7316 -0.6630
vn 0.1401 0.5484 -0.8244
vn 0.0162 0.4145 -0.9099
vn -0.0105 0.2761 -0.9611
vn -0.1355 0.3998 -0.9065
vn 0.2692 0.7818 -0.5624
vn 0.3149 0.8411 -0.4397
vn 0.2839 0.6682 -0.6877
vn 0.1054 0.3096 -0.9450
vn 0.0400 0.1582 -0.9866
vn -0.0409 0.0334 -0.9986
vn -0.0006 0.0105 -0.9999
vn 0.0168 0.1302 -0.9913
vn 0.3022 0.5487 -0.7795
vn 0.2622 0.4136 -0.8719
vn 0.3978 0.7334 -0.5512
vn 0.1345 0.2132 -0.9677
vn -0.0754 0.0572 -0.9955
vn 0.4300 0.6036 -0.6714
vn 0.3067 0.2722 -0.9120
vn 0.0100 0.1669 -0.9859
vn -0.0611 0.1754 -0.9826
vn 0.2340 0.1549 -0.9598
vn 0.4244 0.4269 -0.7985
vn 0.0960 0.1606 -0.9823
vn 0.4303 0.2590 -0.8648
vn 0.2120 0.1006 -0.9721
vn 0.4322 0.1565 -0.8881
vn 0.3004 0.1387 -0.9437
vn 0.1125 0.1361 -0.9843
vn 0.1590 0.0478 -0.9861
vn 0.3119 0.0823 -0.9466
vn 0.4329 0.0809 -0.8978
vn 0.5586 0.2874 -0.7781
vn 0.5623 0.1893 -0.8050
vn 0.2382 -0.0033 -0.9712
vn 0.5759 0.0182 -0.8173
vn 0.5771 0.1036 -0.8101
vn 0.4796 -0.0313 -0.8769
vn 0.3523 -0.0192 -0.9357
vn 0.6725 0.1407 -0.7266
vn 0.6896 0.0266 -0.7237
vn 0.5992 -0.1348 -0.7891
vn 0.7277 -0.0626 -0.6830
vn 0.7056 -0.1852 -0.6840
vn 0.7729 -0.1794 -0.6087
vn 0.7143 0.2654 -0.6475
vn 0.7673 0.1336 -0.6272
vn 0.7690 -0.3343 -0.5448
vn 0.8202 -0.2649 -0.5071
vn 0.7900 0.0300 -0.6124
vn 0.8122 -0.0953 -0.5756
vn 0.6710 -0.3050 -0.6758
vn 0.8140 -0.4185 -0.4028
vn 0.7543 -0.4671 -0.4614
vn 0.7697 -0.5313 -0.3540
vn 0.8568 -0.1039 -0.5050
vn 0.8675 -0.2309 -0.4406
vn 0.6804 -0.5948 -0.4282
vn 0.7087 -0.6244 -0.3285
vn 0.7572 -0.5909 -0.2785
vn 0.8614 -0.3335 -0.3832
vn 0.8376 -0.4671 -0.2833
vn 0.6813 -0.7034 -0.2028
vn 0.9002 -0.3429 -0.2684
vn 0.8070 -0.5478 -0.2207
vn 0.7512 -0.6367 -0.1739
vn 0.6024 -0.7816 -0.1620
vn 0.5092 -0.8456 -0.1601
vn 0.5872 -0.7741 -0.2364
vn 0.3773 -0.9171 -0.1288
vn 0.2320 -0.9690 -0.0845
vn 0.3583 -0.8955 -0.2640
vn 0.5096 -0.8086 -0.2940
vn 0.1579 -0.9690 -0.1901
vn 0.1020 -0.9563 -0.2740
vn 0.1701 -0.9130 -0.3708
vn 0.0492 -0.9977 -0.0464
vn -0.0283 -0.9936 -0.1097
vn 0.3759 -0.8512 -0.3663
vn 0.2674 -0.8387 -0.4745
vn -0.0183 -0.9292 -0.3690
vn -0.0783 -0.9757 -0.2045
vn -0.2003 -0.9722 -0.1212
vn -0.1189 -0.9921 -0.0392
vn -0.1310 -0.9340 -0.3325
vn 0.1003 -0.8576 -0.5045
vn -0.0440 -0.8458 -0.5317
vn -0.2203 -0.9492 -0.2248
vn 0.0973 -0.7524 -0.6515
vn -0.1192 -0.8296 -0.5454
vn -0.2210 -0.8995 -0.3770
vn -0.0000 -0.6999 -0.7142
vn -0.3296 -0.9099 -0.2520
vn -0.3347 -0.9293 -0.1564
vn -0.0131 -0.7349 -0.6781
vn -0.3812 -0.8643 -0.3283
vn -0.2412 -0.8122 -0.5312
vn 0.0913 -0.5931 -0.7999
vn 0.0495 -0.8052 -0.5910
vn -0.0724 -0.7827 -0.6182
vn -0.4518 -0.8649 -0.2187
vn -0.5759 -0.7202 -0.3868
vn 0.0878 -0.7942 -0.6013
vn -0.2312 -0.8472 -0.4784
vn -0.2385 -0.8089 -0.5374
vn -0.1580 -0.8559 -0.4924
vn -0.5669 -0.7227 -0.3953
vn -0.3901 -0.9187 -0.0621
vn -0.5532 -0.7930 -0.2550
vn -0.5472 -0.7929 -0.2679
vn -0.7934 -0.4135 -0.4466
vn -0.7916 -0.4163 0.4472
vn -0.9887 -0.1144 -0.0972
vn -0.8104 -0.1446 0.5677
vn -0.0600 -0.8422 -0.5358
vn 0.2879 -0.4815 -0.8278
vn 0.1867 -0.3959 -0.8991
vn 0.2482 -0.5351 -0.8075
vn 0.2808 -0.3048 -0.9101
vn 0.2672 -0.2065 -0.9413
vn -0.0398 -0.7197 -0.6932
vn -0.2336 -0.2415 0.9419
vn -0.9634 -0.0533 -0.2627
vn -0.5734 0.0013 0.8193
vn -0.6305 -0.6254 -0.4598
vn -0.4472 -0.5280 -0.7220
vn -0.4785 -0.2216 -0.8497
vn -0.5333 0.3441 0.7728
vn -0.7609 0.3415 0.5517
vn -0.6809 0.2980 0.6690
vn -0.1009 0.1702 0.9802
vn -0.2755 -0.9592 0.0632
vn -0.3916 0.5336 0.7496
vn -0.3893 0.5337 0.7507
vn -0.1694 0.5815 0.7957
vn -0.2754 0.8899 0.3636
vn 0.0187 0.7744 0.6325
vn -0.0023 0.6041 0.7969
vn -0.6191 0.4421 0.6490
vn -0.8249 0.2907 0.4849
vn -0.8600 0.4713 -0.1955
vn -0.8375 0.1749 -0.5177
vn -0.8783 0.1317 -0.4595
vn -0.6751 -0.1431 -0.7237
vn -0.5159 -0.1089 -0.8497
vn -0.2611 0.9516 0.1619
vn -0.4267 0.9028 0.0526
vn -0.2686 0.9060 -0.3270
vn -0.6900 0.7124 -0.1275
vn -0.4831 0.0085 -0.8755
vn -0.4406 -0.2226 -0.8697
vn -0.3960 -0.1086 -0.9118
vn -0.6195 0.5683 -0.5416
vn -0.7034 0.5753 -0.4176
vn -0.4546 0.4883 -0.7449
vn 0.1684 0.9688 -0.1818
vn 0.1891 0.9578 -0.2165
vn 0.1542 0.7936 -0.5885
vn 0.0421 -0.1528 0.9874
vn 0.1822 0.2700 0.9455
vn 0.2145 0.7436 0.6333
vn 0.0296 0.2198 -0.9751
vn 0.2165 0.5366 -0.8156
vn 0.0814 0.9700 -0.2291
vn 0.1356 0.3574 -0.9240
vn -0.0039 0.4302 -0.9027
vn -0.0135 0.4796 -0.8774
vn -0.2571 0.0858 -0.9626
vn 0.1099 -0.0259 -0.9936
vn 0.2049 -0.1931 -0.9595
vn 0.0545 -0.2624 -0.9634
vn -0.0776 -0.3504 -0.9334
vn -0.1119 0.6977 -0.7076
vn 0.3762 0.8182 -0.4348
vn -0.0931 -0.4782 -0.8733
vn -0.0095 -0.8645 -0.5025
vn -0.0850 -0.9932 -0.0802
vn 0.0146 -0.9284 -0.3712
vn -0.1165 0.0829 -0.9897
vn 0.5535 0.7348 0.3921
vn 0.4071 -0.0370 0.9126
vn -0.1764 -0.4677 -0.8661
vn -0.1660 -0.6088 -0.7757
vn -0.0557 -0.9769 0.2064
vn -0.0162 -0.9867 0.1619
vn 0.0723 -0.9951 0.0674
vn -0.1593 -0.9827 0.0947
vn -0.0365 -0.4838 0.8744
vn 0.0017 -0.7671 0.6415
vn 0.0106 -0.7858 0.6184
vn 0.0824 -0.2978 0.9511
vn 0.2556 -0.9275 0.2727
vn 0.1987 -0.7180 0.6671
vn 0.2161 -0.6281 0.7475
vn 0.9820 0.1817 0.0508
vn 0.8710 0.4853 -0.0761
vn 0.9446 -0.1986 0.2615
vn 0.6669 0.0191 0.7449
vn 0.3676 0.5039 -0.7817
vn 0.4626 0.5775 -0.6727
vn 0.6353 0.7642 -0.1112
vn 0.5000 0.4196 -0.7576
vn -0.3318 0.8700 -0.3646
vn 0.1647 0.5494 -0.8192
vn 0.3726 0.5800 -0.7244
vn -0.3071 0.1365 -0.9418
vn -0.2735 -0.5630 -0.7799
vn 0.4465 -0.7393 0.5041
vn 0.3375 -0.7990 0.4978
vn 0.6374 -0.3712 0.6753
vn 0.3937 -0.3908 0.8321
vn 0.6861 -0.4361 0.5823
vn 0.8458 -0.3167 -0.4294
vn 0.9013 -0.4309 0.0452
vn 0.7638 -0.2526 -0.5940
vn 0.6414 0.0968 -0.7611
vn -0.2345 0.3161 -0.9193
vn 0.1040 -0.9940 0.0342
vn -0.2716 -0.7523 -0.6002
vn 0.0166 -0.9966 0.0803
vn 0.1642 -0.9590 0.2309
vn 0.4774 -0.4543 -0.7521
vn 0.3438 -0.3598 -0.8674
vn 0.5350 -0.4421 -0.7200
vn 0.8404 -0.2280 -0.4917
vn 0.0916 -0.3132 -0.9453
vn -0.1532 0.2770 -0.9486
vn 0.2054 0.4129 -0.8873
vn 0.3044 0.3507 -0.8856
vn -0.1396 -0.3283 -0.9342
vn -0.0237 -0.3405 -0.9399
vn 0.0376 -0.4753 -0.8790
vn 0.6121 -0.4303 -0.6634
vn 0.0769 -0.1162 -0.9902
vn 0.0507 -0.1917 -0.9801
vn 0.5089 -0.4543 -0.7312
vn -0.2549 -0.2334 -0.9384
vn -0.2350 -0.3302 -0.9142
vn -0.2316 -0.3057 -0.9235
vn -0.1706 0.0377 -0.9846
vn 0.5198 -0.3934 -0.7583
vn 0.0027 -0.0449 -0.9990
vn -0.2926 0.1468 -0.9449
vn -0.3091 -0.2016 -0.9294
vn -0.1038 0.1631 -0.9811
vn -0.2100 0.3044 -0.9291
vn 0.6473 -0.2320 -0.7261
vn 0.1882 0.0537 -0.9807
vn 0.5262 -0.0664 -0.8478
vn -0.2941 -0.0523 -0.9543
vn -0.3059 -0.2534 -0.9177
vn -0.2364 0.2391 -0.9418
vn -0.1858 0.1685 -0.9680
vn -0.2350 0.2586 -0.9369
vn -0.2595 0.1773 -0.9493
vn -0.1927 0.2158 -0.9572
vn -0.0553 0.1556 -0.9863
vn 0.8117 -0.0754 -0.5792
vn 0.3731 0.0078 -0.9277
vn 0.1116 -0.1856 -0.9763
vn -0.1268 0.0421 -0.9910
vn -0.1211 0.2352 -0.9644
vn -0.1534 0.1098 -0.9820
vn -0.1434 -0.0603 -0.9878
vn 0.0084 0.2013 -0.9795
vn 0.0119 0.0486 -0.9987
vn 0.1162 -0.0453 -0.9922
vn -0.1453 0.0785 -0.9863
vn -0.1836 -0.0246 -0.9827
vn 0.2328 -0.1162 -0.9656
vn 0.1381 -0.1485 -0.9792
vn 0.1039 -0.2541 -0.9616
vn 0.1253 -0.2973 -0.9465
vn 0.2530 -0.2732 -0.9281
vn 0.1272 -0.4082 -0.9040
vn 0.2181 -0.4483 -0.8669
vn 0.3898 -0.1602 -0.9069
vn 0.3933 -0.3850 -0.8349
vn 0.3034 -0.5918 -0.7468
vn 0.0962 -0.4785 -0.8728
vn 0.4760 -0.5592 -0.6787
vn 0.5631 -0.3740 -0.7369
vn 0.1396 -0.6396 -0.7559
vn 0.5553 -0.6449 -0.5251
vn 0.6608 -0.4729 -0.5828
vn 0.3358 -0.7286 -0.5969
vn 0.4502 -0.7705 -0.4514
vn 0.5856 -0.7274 -0.3579
vn 0.6537 -0.7009 -0.2851
vn 0.4875 -0.2514 -0.8361
vn -0.3382 -0.4318 -0.8362
vn -0.2072 -0.5969 -0.7751
vn -0.6448 -0.6477 -0.4059
vn -0.3786 -0.7712 -0.5117
vn -0.1831 -0.8347 -0.5194
vn -0.0052 -0.7861 -0.6181
vn -0.4290 -0.8142 -0.3913
vn -0.0407 -0.9409 -0.3364
vn -0.0607 -0.8880 -0.4557
vn 0.1266 -0.7281 -0.6736
vn 0.1149 -0.9460 -0.3032
vn 0.6629 -0.6649 -0.3443
vn -0.0730 -0.9550 -0.2874
vn -0.2886 -0.8801 -0.3769
vn -0.3312 -0.8776 -0.3466
vn -0.1487 -0.9442 -0.2940
vn -0.2160 -0.8560 -0.4696
vn -0.1996 -0.9589 -0.2019
vn 0.3720 -0.8329 -0.4097
vn 0.0721 -0.9471 -0.3126
vn -0.3865 -0.8773 -0.2846
vn -0.1176 -0.9348 -0.3351
vn 0.4461 -0.7660 -0.4629
vn 0.8549 -0.3714 -0.3623
vn -0.2530 -0.9319 -0.2599
vn 0.6470 -0.3290 -0.6879
vn 0.2464 -0.8387 -0.4857
vn -0.1873 -0.9727 -0.1373
vn -0.0885 -0.9633 -0.2535
vn 0.2720 -0.9164 -0.2936
vn 0.7444 -0.5779 -0.3345
vn 0.9205 -0.2495 -0.3008
vn 0.7262 -0.6874 -0.0093
vn -0.3415 -0.9161 -0.2104
vn 0.2514 -0.9619 -0.1077
vn 0.8551 -0.5087 -0.1001
vn 0.7064 -0.7063 0.0459
vn 0.3904 -0.9189 0.0567
vn 0.1964 -0.9803 0.0194
vn -0.2027 -0.9772 0.0637
vn -0.3011 -0.9509 0.0724
vn -0.3336 -0.9387 0.0868
vn -0.4862 0.7458 -0.4553
vn 0.0881 0.9473 0.3079
vn -0.7714 0.6091 -0.1844
vn -0.9123 0.3308 -0.2415
vn -0.7784 0.6277 0.0080
vn -0.6231 0.7773 0.0868
vn -0.6372 0.7678 0.0667
vn 0.0743 0.9501 0.3030
vn -0.6175 0.5381 0.5737
vn -0.6353 0.3420 0.6924
vn -0.8733 0.1093 0.4747
vn -0.5802 -0.1928 0.7913
vn -0.4367 0.5150 0.7376
vn -0.6942 0.0064 0.7197
vn -0.3531 0.8295 0.4328
vn -0.6318 0.2695 0.7268
vn -0.5133 0.5345 0.6715
vn -0.7920 0.3834 0.4750
vn -0.8956 0.3284 -0.3001
vn -0.8609 0.3825 -0.3353
vn -0.5731 0.5201 0.6333
vn -0.5142 0.1007 0.8517
vn -0.6190 -0.0070 0.7854
vn -0.5571 -0.0748 0.8271
vn -0.7334 -0.4549 0.5051
vn -0.9294 0.2062 0.3060
vn -0.5803 0.3833 -0.7186
vn -0.6735 0.2362 -0.7004
vn -0.7626 0.1402 -0.6315
vn -0.8448 0.2583 -0.4686
vn -0.8589 0.3175 -0.4018
vn -0.9713 0.2351 -0.0372
vn -0.9330 0.1007 0.3456
vn -0.8978 0.0239 0.4397
vn -0.9320 0.2718 -0.2397
vn -0.4318 0.3991 -0.8089
vn -0.6178 0.4304 -0.6581
vn -0.3701 0.4778 -0.7967
vn -0.5480 0.5430 -0.6362
vn -0.6096 0.3377 -0.7172
vn -0.5818 0.1619 -0.7970
vn -0.7528 0.4226 -0.5046
vn -0.9781 0.0181 0.2073
vn -0.8868 0.0029 0.4621
vn -0.2087 0.5024 -0.8391
vn -0.3133 0.7231 -0.6157
vn -0.6038 0.6698 -0.4322
vn -0.7147 0.0949 -0.6930
vn -0.2715 0.8832 -0.3824
vn -0.0862 0.8940 -0.4396
vn -0.2275 0.6931 -0.6840
vn -0.2343 0.2883 -0.9284
vn -0.2268 0.4271 -0.8753
vn 0.3811 0.7819 -0.4934
vn 0.0564 0.6773 -0.7335
vn 0.4162 0.6185 -0.6665
vn 0.2010 0.8715 -0.4473
vn -0.3144 -0.0073 -0.9493
vn -0.1208 0.4854 -0.8659
vn 0.0394 0.6946 -0.7183
vn -0.1793 0.6335 -0.7527
vn -0.3168 0.7608 -0.5664
vn 0.2560 0.9590 -0.1218
vn 0.2026 0.9718 -0.1211
vn 0.0548 0.9665 -0.2506
vn -0.4706 0.8268 -0.3083
vn -0.4387 0.2797 -0.8540
vn 0.3151 0.4510 -0.8350
vn -0.0015 0.2457 -0.9694
vn 0.0298 0.1550 -0.9875
vn -0.1846 0.0287 -0.9824
vn 0.0151 0.2479 -0.9687
vn -0.5330 -0.0136 -0.8460
vn -0.4645 -0.2203 -0.8577
vn -0.6514 -0.1379 -0.7461
vn -0.7216 0.0478 -0.6907
vn -0.7751 0.4025 -0.4870
vn 0.0269 0.9994 0.0207
vn -0.7416 0.6009 -0.2982
vn -0.8401 0.1074 -0.5317
vn -0.6152 -0.3035 -0.7276
vn -0.8168 0.3848 -0.4298
vn -0.7763 0.5846 -0.2360
vn -0.5684 0.8202 -0.0650
vn -0.8385 0.3892 -0.3814
vn -0.7649 -0.1588 -0.6243
vn -0.9222 0.0654 -0.3811
vn -0.8470 -0.3642 -0.3872
vn -0.7016 -0.4527 -0.5503
vn -0.5776 -0.4414 -0.6867
vn -0.9713 -0.1657 -0.1703
vn -0.8948 -0.4461 -0.0169
vn -0.9490 -0.3119 0.0463
vn -0.9984 -0.0553 -0.0151
vn -0.9729 0.0931 -0.2115
vn -0.8876 0.3650 -0.2810
vn -0.8083 0.5878 -0.0337
vn -0.6116 0.4289 0.6648
vn -0.4188 0.3683 0.8300
vn 0.0114 0.5904 0.8071
vn -0.6648 0.7127 0.2237
vn -0.8170 0.5752 -0.0399
vn -0.8802 0.2451 0.4065
vn -0.9049 0.0398 0.4237
vn -0.7822 0.3872 0.4881
vn -0.7271 -0.3858 0.5679
vn -0.8773 -0.4283 0.2165
vn -0.7861 -0.6130 -0.0796
vn -0.7102 -0.6471 -0.2773
vn -0.7675 -0.5928 0.2439
vn -0.8195 -0.2186 0.5298
vn -0.7985 -0.3433 0.4946
vn -0.4553 0.0629 0.8881
vn -0.6075 0.0163 0.7942
vn -0.3774 0.3437 0.8599
vn -0.9797 -0.0065 0.2004
vn -0.9702 -0.2359 -0.0558
vn -0.8610 -0.4895 0.1381
vn -0.8001 -0.5950 -0.0761
vn -0.7174 0.1307 -0.6843
vn -0.8188 0.3701 0.4389
vn -0.9140 0.2481 -0.3210
vn -0.6373 0.6638 0.3915
vn -0.6057 0.6991 0.3800
vn -0.1530 0.6722 0.7243
vn -0.7214 0.1562 -0.6746
vn -0.7101 0.2069 -0.6730
vn -0.8883 0.0908 -0.4503
vn -0.2131 0.1904 -0.9583
vn -0.1249 0.3227 -0.9382
vn -0.4964 0.1750 -0.8503
vn -0.7728 0.6278 0.0929
vn -0.5150 0.8018 0.3032
vn -0.2982 0.9346 0.1941
vn -0.4746 0.3301 -0.8160
vn -0.5127 0.2478 -0.8220
vn 0.0979 0.1909 -0.9767
vn 0.0948 0.1214 -0.9881
vn 0.3670 0.2163 -0.9047
vn 0.9038 -0.1871 -0.3849
vn 0.8458 -0.0387 -0.5322
vn -0.1404 0.2798 -0.9497
vn 0.0073 -0.1595 -0.9872
vn 0.1760 -0.3325 -0.9265
vn 0.7998 -0.0111 -0.6002
vn 0.8554 -0.1247 -0.5028
vn 0.3575 -0.2743 -0.8927
vn 0.3321 -0.3362 -0.8813
vn -0.1702 0.5800 -0.7966
vn -0.1504 0.5217 -0.8398
vn -0.0158 -0.3470 -0.9377
vn -0.0481 -0.1906 -0.9805
vn -0.2789 0.7371 -0.6156
vn -0.0720 0.8183 -0.5702
vn -0.0422 0.7871 -0.6153
vn 0.0984 0.9527 -0.2874
vn -0.0146 0.8747 -0.4844
vn -0.0736 0.9548 -0.2878
vn -0.3362 0.5730 -0.7474
vn -0.5201 0.6444 -0.5606
vn -0.4059 0.7551 -0.5148
vn -0.4386 0.8840 -0.1620
vn -0.3895 0.8956 -0.2148
vn -0.6669 0.3847 -0.6382
vn -0.9066 -0.3102 -0.2861
vn -0.8651 -0.0740 -0.4962
vn -0.5957 0.5754 -0.5604
vn -0.5758 0.5432 -0.6110
vn -0.5610 0.7389 0.3733
vn -0.7875 -0.4573 -0.4131
vn -0.6094 -0.4839 -0.6281
vn -0.5412 -0.6416 -0.5436
vn -0.9594 0.2777 -0.0494
vn -0.9407 0.1058 -0.3224
vn -0.7604 -0.0995 -0.6417
vn -0.7600 0.5234 0.3853
vn -0.4417 -0.5010 -0.7443
vn -0.3305 -0.5705 -0.7519
vn -0.7237 -0.3323 -0.6049
vn 0.2305 -0.4676 -0.8533
vn -0.7322 0.6543 -0.1894
vn -0.6371 0.6324 0.4406
vn 0.2479 -0.6447 -0.7231
vn 0.1946 -0.5561 -0.8080
vn 0.2148 -0.5901 -0.7782
vn -0.6187 0.6183 0.4846
vn -0.4987 -0.1714 -0.8497
vn -0.7603 0.1213 -0.6381
vn -0.5850 0.6128 -0.5312
vn -0.5116 0.3575 -0.7813
vn 0.2615 -0.6665 -0.6981
vn -0.0815 -0.3803 -0.9213
vn -0.0271 -0.3145 -0.9489
vn -0.0358 -0.3252 -0.9450
vn -0.6348 0.6371 0.4372
vn -0.5680 -0.2232 -0.7922
vn -0.6542 -0.2047 -0.7281
vn -0.7830 -0.0468 -0.6203
vn -0.8498 0.4275 -0.3084
vn -0.7028 0.6470 -0.2956
vn -0.8217 0.1051 -0.5602
vn -0.2269 -0.4842 -0.8450
vn -0.1972 -0.5226 -0.8295
vn -0.8932 0.4026 -0.2005
vn -0.8843 0.0533 -0.4639
vn -0.9051 -0.1849 -0.3828
vn -0.4583 -0.3415 -0.8206
vn -0.2272 -0.5340 -0.8144
vn -0.2188 -0.5409 -0.8121
vn -0.7564 0.1094 -0.6450
vn -0.3253 0.9435 -0.0636
vn -0.4533 0.8900 0.0491
vn -0.4376 0.8576 0.2703
vn -0.7587 0.6181 0.2058
vn -0.1798 -0.6736 -0.7169
vn -0.2724 -0.6374 -0.7208
vn -0.4155 -0.7580 -0.5027
vn -0.3663 -0.5533 -0.7482
vn -0.7923 -0.0066 -0.6100
vn -0.8233 0.1824 -0.5375
vn -0.1337 0.9414 0.3098
vn -0.2728 0.9042 0.3286
vn 0.2029 0.8225 0.5314
vn -0.3704 -0.8217 -0.4332
vn -0.5949 -0.4787 -0.6458
vn -0.3239 -0.1982 -0.9251
vn -0.6081 -0.5583 -0.5644
vn -0.9925 -0.0188 -0.1209
vn -0.8809 -0.3483 -0.3206
vn -0.0612 0.2010 -0.9777
vn -0.2772 0.8512 0.4457
vn 0.0670 0.9474 0.3129
vn -0.6879 0.6374 -0.3472
vn -0.7795 0.4734 0.4102
vn -0.8762 0.1190 -0.4670
vn -0.6613 -0.7225 -0.2015
vn -0.7046 -0.1424 -0.6952
vn -0.6520 -0.7228 -0.2290
vn -0.7322 0.6770 0.0739
vn -0.4264 0.6901 0.5848
vn -0.8955 0.4428 0.0436
vn -0.9213 0.1777 -0.3460
vn -0.4612 0.3921 -0.7960
vn -0.6549 0.5509 -0.5174
vn -0.6978 0.6729 -0.2453
vn -0.9842 0.1509 -0.0931
vn -0.5069 -0.4026 0.7622
vn -0.5629 -0.3344 0.7558
vn -0.6900 -0.4577 0.5607
vn -0.8939 -0.1967 0.4027
vn -0.9332 -0.3316 0.1387
vn -0.9979 0.0636 -0.0134
vn 0.2677 0.8641 0.4263
vn -0.2519 0.9651 -0.0714
vn -0.4481 0.4617 -0.7655
vn -0.8311 -0.0497 -0.5540
vn -0.3856 0.7892 0.4780
vn -0.3793 0.7947 0.4740
vn -0.6118 0.5128 0.6023
vn -0.9744 0.1869 -0.1254
vn -0.7103 0.4106 0.5718
vn 0.0277 -0.2459 -0.9689
vn 0.0148 -0.0344 -0.9993
vn -0.1458 0.9376 0.3157
vn -0.1744 0.8981 0.4037
vn 0.2275 0.6466 -0.7281
vn -0.4842 0.3588 -0.7980
vn -0.5640 0.3519 -0.7470
vn -0.5920 0.3398 -0.7308
vn -0.7497 0.6147 -0.2454
vn -0.4730 0.8782 0.0706
vn -0.5858 0.7211 -0.3699
vn -0.4280 0.2657 -0.8638
vn -0.6592 0.2430 -0.7117
vn -0.7873 0.1868 -0.5876
vn -0.4243 0.8969 -0.1247
vn -0.0062 0.8955 0.4450
vn -0.8219 0.1662 -0.5449
vn -0.9040 0.0662 -0.4224
vn -0.7581 0.5752 -0.3072
vn -0.2356 0.9718 0.0043
vn 0.1002 0.9747 0.1998
vn -0.9280 0.0323 -0.3712
vn -0.9239 -0.3552 -0.1425
vn -0.9553 -0.2552 -0.1490
vn -0.7339 0.1541 -0.6616
vn -0.9200 -0.1920 -0.3418
vn -0.6258 0.7635 -0.1595
vn 0.1260 0.9839 0.1266
vn -0.9155 0.1257 -0.3821
vn -0.9592 -0.1345 -0.2485
vn -0.9426 -0.3137 -0.1147
vn -0.8264 -0.5499 -0.1216
vn -0.6911 -0.4211 -0.5874
vn -0.8077 -0.2779 -0.5200
vn -0.6530 -0.0696 -0.7542
vn -0.7443 0.1516 -0.6504
vn -0.8236 -0.5669 0.0179
vn -0.7689 -0.6321 -0.0961
vn -0.6985 -0.1937 -0.6889
vn -0.5237 -0.2153 -0.8242
vn -0.7707 0.0483 -0.6353
vn -0.9185 -0.1830 -0.3505
vn -0.8131 -0.0096 -0.5821
vn -0.5625 -0.0628 -0.8244
vn -0.5289 -0.6248 -0.5744
vn -0.3821 -0.4036 -0.8313
vn -0.2795 -0.1704 -0.9449
vn -0.5216 0.0515 -0.8516
vn -0.4193 -0.0435 -0.9068
vn -0.1076 -0.5277 -0.8426
vn -0.1601 -0.7017 -0.6942
vn 0.0103 -0.8340 -0.5517
vn -0.0353 -0.3846 -0.9224
vn 0.2164 -0.3716 -0.9028
vn -0.2890 0.1284 -0.9487
vn -0.3472 0.1388 -0.9275
vn -0.2644 0.1559 -0.9517
vn -0.2987 0.0418 -0.9534
vn -0.1941 -0.1781 -0.9647
vn 0.5253 -0.2011 -0.8268
vn 0.1113 -0.1722 -0.9788
vn 0.2396 -0.3875 -0.8902
vn 0.6115 -0.3905 -0.6882
vn -0.1696 -0.4132 -0.8947
vn -0.3301 -0.0148 -0.9438
vn -0.2797 0.0188 -0.9599
vn -0.3933 -0.3586 -0.8466
vn -0.3656 -0.3920 -0.8442
vn -0.3388 -0.4745 -0.8125
vn 0.0024 0.0223 -0.9997
vn -0.2681 0.1715 -0.9480
vn 0.0449 -0.5150 -0.8560
vn 0.0087 -0.5168 -0.8560
vn 0.7359 -0.3529 -0.5778
vn 0.9386 -0.2469 -0.2410
vn 0.3824 -0.6873 -0.6176
vn 0.3538 -0.4262 -0.8326
vn 0.2171 0.3003 -0.9288
vn -0.1247 0.8889 -0.4409
vn -0.3865 -0.3879 -0.8368
vn -0.1182 -0.1182 -0.9859
vn -0.0687 0.1895 -0.9795
vn -0.6044 0.5067 -0.6148
vn -0.7369 0.3601 -0.5721
vn -0.5033 -0.4161 -0.7573
vn -0.4422 -0.6282 -0.6402
vn -0.4517 -0.5784 -0.6793
vn -0.6043 -0.4682 -0.6447
vn -0.4156 -0.5626 -0.7147
vn -0.3916 -0.3583 -0.8475
vn -0.1183 0.5381 -0.8345
vn -0.1178 0.5377 -0.8348
vn -0.0070 0.5089 -0.8608
vn 0.3031 -0.2712 -0.9135
vn 0.4091 -0.0149 -0.9124
vn 0.4102 -0.2648 -0.8727
vn -0.5819 -0.0069 -0.8132
vn -0.6173 0.2704 -0.7388
vn 0.5417 -0.4203 -0.7280
vn 0.8075 -0.0445 -0.5882
vn 0.2282 -0.9563 -0.1830
vn 0.2231 -0.7540 -0.6179
vn 0.0514 -0.8833 -0.4659
vn -0.1701 -0.6414 -0.7481
vn 0.3681 -0.8715 -0.3240
vn 0.4990 -0.8375 -0.2229
vn 0.0269 -0.5266 -0.8497
vn -0.8518 0.1208 -0.5098
vn -0.7549 -0.3490 -0.5552
vn -0.5321 0.0994 -0.8408
vn -0.1898 -0.0433 -0.9809
vn -0.7707 -0.3392 -0.5394
vn -0.3366 -0.6238 -0.7054
vn -0.1145 -0.7932 -0.5980
vn 0.2911 -0.4346 -0.8523
vn 0.4867 -0.5074 -0.7111
vn -0.9523 -0.2156 -0.2158
vn -0.2710 -0.9578 0.0954
vn -0.7742 0.1395 -0.6173
vn -0.5617 -0.6263 -0.5407
vn 0.1270 -0.8168 -0.5627
vn -0.3497 -0.6841 -0.6401
vn 0.7943 -0.6000 -0.0952
vn 0.6609 -0.7497 0.0324
vn -0.1876 -0.9809 0.0512
vn -0.0541 -0.9985 0.0114
vn -0.0032 -0.8753 0.4836
vn -0.1238 -0.8557 0.5025
vn 0.2467 -0.8729 0.4209
vn -0.4308 -0.7412 0.5149
vn -0.6305 -0.4882 0.6034
vn 0.4100 -0.9096 -0.0679
vn 0.5514 -0.7926 -0.2602
vn 0.3370 -0.8546 0.3951
vn -0.2651 -0.9583 -0.1070
vn -0.5671 -0.8209 -0.0666
vn -0.5857 -0.8060 0.0855
vn -0.7019 -0.6888 0.1814
vn -0.4724 -0.8150 -0.3357
vn -0.0069 -0.9986 0.0518
vn -0.4187 -0.7550 0.5046
vn -0.1431 -0.8483 0.5098
vn -0.4244 -0.8064 0.4118
vn -0.2203 -0.9727 0.0731
vn -0.2597 -0.9623 0.0807
vn -0.0835 -0.6624 0.7445
vn 0.1567 -0.7199 0.6762
vn -0.2252 -0.6042 0.7643
vn -0.3644 -0.5314 0.7647
vn -0.0310 -0.9995 0.0052
vn -0.1355 -0.9886 0.0652
vn -0.3240 -0.9441 0.0603
vn -0.1763 -0.9776 -0.1146
vn 0.1117 -0.9859 0.1246
vn 0.5284 -0.7330 0.4285
vn 0.4476 -0.8536 0.2665
vn -0.1156 -0.7314 -0.6721
vn -0.3500 -0.9050 -0.2417
vn -0.2969 -0.9424 -0.1543
vn -0.2813 -0.9193 0.2753
vn -0.3555 -0.8485 0.3920
vn -0.1945 -0.9779 0.0764
vn -0.1106 -0.9930 0.0416
vn -0.4218 -0.7218 -0.5487
vn 0.3366 -0.9021 -0.2702
vn 0.0427 -0.9092 -0.4141
vn -0.5543 -0.6772 0.4838
vn -0.4019 -0.4353 -0.8056
vn -0.6163 -0.7844 -0.0702
vn -0.7159 -0.6220 0.3172
vn -0.6976 -0.6656 -0.2652
vn -0.7978 -0.5111 0.3198
vn -0.0899 0.2488 -0.9644
vn 0.0833 -0.3437 -0.9354
vn 0.5668 -0.5579 -0.6062
vn -0.1216 -0.9546 0.2720
vn -0.0997 -0.9946 0.0305
vn -0.1842 -0.9742 0.1305
vn -0.4465 -0.8844 0.1361
vn -0.1200 -0.9911 0.0570
vn 0.4619 -0.6681 -0.5833
vn -0.3173 -0.7442 -0.5878
vn -0.7991 -0.5506 -0.2415
vn -0.1779 -0.9713 0.1577
vn -0.4423 -0.8939 -0.0728
vn -0.1783 -0.9487 -0.2610
vn -0.6206 -0.5164 -0.5901
vn -0.9097 -0.4076 0.0796
vn -0.7603 -0.4410 0.4769
vn -0.6677 -0.3338 0.6654
vn -0.9905 0.1332 0.0328
vn -0.9637 0.2349 0.1270
vn -0.9287 0.3654 -0.0639
vn -0.9853 -0.1679 -0.0314
vn -0.7111 0.5523 0.4351
vn -0.7024 0.7087 0.0661
vn -0.6879 0.6618 0.2980
vn -0.9769 -0.1332 -0.1672
vn -0.8871 0.3897 -0.2475
vn -0.9292 0.0933 -0.3576
vn -0.8249 -0.3664 -0.4305
vn -0.7225 0.1984 0.6623
vn -0.9431 0.1924 0.2711
vn -0.4065 0.6414 -0.6507
vn -0.3820 0.4873 -0.7853
vn -0.4584 0.7444 -0.4856
vn -0.6346 0.5219 -0.5700
vn -0.7011 0.5425 -0.4629
vn -0.6658 -0.5113 -0.5434
vn -0.8453 0.2410 -0.4769
vn -0.8750 -0.1597 -0.4570
vn -0.7668 -0.5446 -0.3397
vn -0.7100 -0.4661 -0.5278
vn -0.9538 0.2233 -0.2012
vn -0.3766 0.0700 -0.9237
vn -0.7820 0.0862 -0.6173
vn -0.6332 0.2301 -0.7389
vn -0.7029 0.3218 -0.6344
vn -0.9066 0.0073 -0.4219
vn -0.9482 0.2281 -0.2213
vn -0.6279 0.3696 -0.6850
vn -0.5543 0.5125 -0.6559
vn -0.9578 0.2417 -0.1556
vn -0.8602 0.5094 -0.0250
vn -0.9497 -0.2467 -0.1926
vn -0.8942 -0.4403 -0.0809
vn -0.8623 0.0295 -0.5056
vn -0.8227 0.5677 0.0300
vn -0.9004 0.4296 -0.0692
vn -0.8126 0.5819 -0.0340
vn -0.9837 0.0485 -0.1729
vn -0.3053 -0.3045 -0.9022
vn -0.5454 -0.1977 -0.8145
vn -0.8621 -0.5060 -0.0260
vn -0.7139 -0.1827 -0.6760
vn -0.3309 -0.3455 -0.8781
vn -0.2798 0.1548 -0.9475
vn -0.8644 0.3245 -0.3840
vn -0.6202 -0.6786 -0.3935
vn 0.2318 -0.2265 -0.9460
vn -0.2921 -0.3705 -0.8817
vn 0.3125 -0.5455 -0.7777
vn 0.4509 -0.5288 -0.7191
vn -0.5810 0.0884 -0.8091
vn -0.6306 0.0770 -0.7723
vn -0.7107 0.1216 -0.6929
vn -0.9077 0.1763 -0.3808
vn -0.8290 -0.5419 0.1380
vn -0.9036 -0.0453 -0.4259
vn -0.9031 -0.3580 -0.2370
vn -0.7076 -0.4335 -0.5580
vn 0.8129 -0.5601 -0.1597
vn 0.9416 -0.1574 -0.2978
vn -0.5249 -0.2357 -0.8179
vn -0.6017 0.0796 -0.7948
vn -0.4458 0.2596 -0.8567
vn -0.3357 0.4354 -0.8353
vn -0.1635 0.1921 -0.9677
vn -0.0522 0.1298 -0.9902
vn -0.4307 0.3694 -0.8234
vn -0.7823 -0.2144 -0.5848
vn -0.2582 0.2795 -0.9248
vn -0.7237 -0.0236 -0.6898
vn -0.8928 0.0276 -0.4496
vn -0.5720 0.4828 -0.6631
vn -0.8171 0.5209 -0.2470
vn -0.9444 -0.1993 -0.2614
vn -0.6618 -0.1958 -0.7237
vn -0.4578 0.1535 -0.8757
vn -0.0235 -0.0821 -0.9963
vn -0.5573 -0.3219 -0.7654
vn -0.3422 0.1053 -0.9337
vn -0.5227 -0.4297 -0.7363
vn -0.8145 0.0773 -0.5750
vn -0.5542 0.1444 -0.8198
vn -0.9199 -0.3076 -0.2430
vn -0.2984 0.0918 -0.9500
vn -0.5333 0.0451 -0.8447
vn -0.2851 -0.4500 -0.8463
vn -0.6702 0.3285 -0.6656
vn -0.4205 0.3507 -0.8368
vn -0.1845 0.2106 -0.9600
vn -0.7853 0.2224 -0.5778
vn -0.2210 0.5584 -0.7996
vn -0.2908 -0.1660 -0.9423
vn 0.0714 0.1597 -0.9846
vn -0.4415 0.3113 -0.8415
vn -0.7331 0.1948 -0.6517
vn -0.6153 0.1640 -0.7710
vn -0.4897 0.4450 -0.7497
vn -0.8125 0.1179 -0.5709
vn -0.7987 0.2144 -0.5623
vn -0.7738 0.2877 -0.5644
vn -0.6984 0.5785 -0.4214
vn -0.3303 0.8997 -0.2854
vn 0.4302 0.8750 0.2221
vn -0.2900 0.9550 0.0625
vn 0.1410 0.9083 0.3938
vn 0.3057 0.9270 0.2172
vn 0.4752 0.7928 0.3816
vn -0.3424 0.9178 0.2009
vn 0.3890 -0.7998 -0.4571
vn -0.5564 -0.8295 -0.0494
vn -0.0709 -0.9829 0.1700
vn -0.2920 -0.9521 0.0904
vn -0.5364 -0.8406 0.0748
vn -0.6973 -0.7165 0.0198
vn 0.6251 -0.7593 0.1810
vn 0.3091 -0.9505 -0.0313
vn -0.7770 -0.3767 -0.5043
vn -0.7711 -0.5940 -0.2292
vn -0.4878 -0.8611 -0.1435
vn -0.4943 -0.7424 -0.4523
vn -0.4100 -0.3720 -0.8328
vn -0.6323 0.2107 -0.7455
vn -0.2945 -0.9524 -0.0792
vn -0.2205 -0.9740 -0.0520
vn -0.4577 -0.8536 -0.2488
vn 0.9141 -0.3845 -0.1291
vn 0.9592 -0.1726 -0.2237
vn 0.9707 -0.2175 -0.1020
vn 0.9205 -0.1788 -0.3474
vn 0.9881 -0.0366 -0.1495
vn 0.2107 0.9740 -0.0827
vn 0.1776 0.9679 -0.1779
vn 0.2391 0.9393 -0.2462
vn 0.3337 0.9389 -0.0838
vn 0.3625 0.9165 -0.1691
vn 0.3409 0.8914 -0.2988
vn 0.4775 0.8495 -0.2243
vn 0.5351 0.8389 -0.0992
vn 0.6508 0.7535 -0.0929
vn 0.6007 0.7724 -0.2061
vn 0.7098 0.6734 -0.2067
vn 0.8105 0.5620 -0.1651
vn 0.7672 0.5647 -0.3043
vn 0.8401 0.4650 -0.2794
vn 0.8942 0.4251 -0.1400
vn 0.7950 0.4457 -0.4115
vn 0.9577 0.2505 -0.1417
vn 0.9048 0.3439 -0.2511
vn 0.8645 0.3187 -0.3887
vn 0.9317 0.1985 -0.3041
vn 0.8262 0.2910 -0.4824
vn 0.9701 0.1052 -0.2188
vn 0.9432 0.0219 -0.3315
vn 0.8898 0.1355 -0.4358
vn 0.7988 0.2145 -0.5621
vn 0.8572 0.0605 -0.5114
vn 0.9012 -0.0778 -0.4263
vn 0.7585 0.3699 -0.5366
vn 0.6419 0.2568 -0.7225
vn 0.6950 0.4173 -0.5855
vn 0.6477 0.3641 -0.6692
vn 0.7326 0.5035 -0.4580
vn 0.5692 0.4046 -0.7158
vn 0.6464 0.4876 -0.5869
vn 0.6822 0.5555 -0.4754
vn 0.7041 0.6112 -0.3615
vn 0.5472 0.5512 -0.6298
vn 0.6010 0.5952 -0.5334
vn 0.6103 0.6631 -0.4335
vn 0.6485 0.6948 -0.3110
vn 0.5630 0.7522 -0.3423
vn 0.4945 0.6880 -0.5312
vn 0.4614 0.8019 -0.3795
vn 0.5039 0.4774 -0.7199
vn 0.9898 0.1037 -0.0975
vn 0.0832 0.8121 -0.5776
vn -0.6457 -0.6369 0.4213
vn -0.7835 -0.6199 0.0439
vn -0.2097 -0.6499 0.7305
vn -0.4009 0.4931 -0.7721
vn -0.0039 0.8727 -0.4882
vn -0.0051 0.6289 -0.7775
vn -0.6587 -0.7518 0.0290
vn -0.6665 0.6583 -0.3499
vn -0.0058 0.9823 -0.1871
vn -0.6524 -0.6681 -0.3579
vn -0.6506 0.7593 0.0152
vn -0.0059 0.9936 0.1125
vn -0.4627 -0.5455 -0.6988
vn -0.0040 0.8898 0.4564
vn -0.4478 -0.4098 -0.7947
vn -0.6264 0.6736 0.3923
vn -0.0022 -0.3033 -0.9529
vn 0.0011 -0.6060 -0.7955
vn -0.0028 0.6582 0.7528
vn -0.4727 0.5642 0.6770
vn -0.0060 0.0078 -1.0000
vn -0.0055 0.0522 0.9986
vn -0.0018 0.3825 0.9240
vn -0.6742 0.0463 -0.7371
vn -0.0074 0.3103 -0.9506
vn -0.6323 -0.2493 0.7335
vn -0.0054 -0.5578 0.8300
vn -0.0048 -0.2084 0.9780
vn -0.0037 0.0859 0.9963
vn -0.1366 -0.7565 -0.6396
vn -0.1079 -0.4661 -0.8781
vn -0.5004 -0.5592 -0.6610
vn 0.1980 0.8949 0.4000
vn 0.1884 0.7591 0.6232
vn 0.7752 0.5186 0.3607
vn 0.7826 -0.6108 -0.1197
vn 0.2241 -0.6538 -0.7227
vn 0.1808 -0.6008 -0.7787
vn 0.0396 -0.9990 -0.0186
vn 0.2428 -0.6652 0.7061
vn 0.2066 -0.6692 0.7138
vn 0.7511 -0.5680 0.3365
vn 0.7452 -0.5372 -0.3951
vn 0.7706 0.0185 -0.6370
vn 0.7794 0.4354 -0.4506
vn 0.7728 0.6289 -0.0851
vn 0.7607 0.0697 0.6453
vn 0.1433 0.0993 0.9847
vn 0.2011 -0.3057 0.9307
vn 0.1665 -0.0151 -0.9859
vn 0.1998 0.4979 0.8439
vn 0.1255 0.2752 -0.9532
vn 0.2004 0.5796 -0.7899
vn 0.3513 -0.9361 -0.0186
vn 0.1718 0.7785 -0.6036
vn 0.1682 0.9678 -0.1875
vn 0.1285 0.9890 0.0730
vn 0.3017 -0.3018 0.9044
vn 0.5773 -0.5774 -0.5773
vn 0.5774 -0.5773 0.5774
vn 0.3012 -0.3010 -0.9048
vn 0.5775 -0.5765 0.5780
vn -0.3005 -0.2974 0.9062
vn -0.5768 -0.5779 -0.5774
vn 0.3027 -0.2992 0.9049
vn -0.3015 -0.3015 -0.9045
vn 0.3015 -0.3015 -0.9045
vn -0.3003 -0.2987 0.9059
vn -0.3162 -0.0000 -0.9487
vn 0.3015 -0.3020 0.9044
vn 0.3160 0.0008 -0.9488
vn -0.5770 -0.5777 0.5773
vn 0.5773 -0.5773 -0.5774
vn -0.0000 -1.0000 -0.0000
vn -0.5774 -0.5773 -0.5773
vn -0.5773 -0.5774 -0.5773
vn 0.5774 -0.5773 0.5773
vn 0.5773 -0.5773 0.5774
vn 0.5773 -0.5774 -0.5774
vn -0.5773 -0.5774 0.5773
vn -0.7595 0.0706 0.6466
s 1
f 2//1 845//2 100//3
f 100//3 845//2 1//4
f 100//3 101//5 2//1
f 101//5 103//6 2//1
f 849//7 3//8 4//9
f 6//10 3//8 8//11
f 4//9 3//8 6//10
f 4//9 5//12 849//7
f 9//13 5//12 4//9
f 9//13 7//14 5//12
f 6//10 9//13 4//9
f 8//11 501//15 12//16
f 9//13 11//17 7//14
f 9//13 6//10 18//18
f 8//11 12//16 14//19
f 12//16 13//20 14//19
f 6//10 8//11 18//18
f 10//21 11//17 15//22
f 16//23 15//22 11//17
f 16//23 11//17 9//13
f 18//18 16//23 9//13
f 14//19 20//24 8//11
f 14//19 13//20 19//25
f 19//25 13//20 466//26
f 14//19 19//25 20//24
f 17//27 18//18 8//11
f 15//22 16//23 21//28
f 20//24 17//27 8//11
f 16//23 18//18 25//29
f 21//28 16//23 22//30
f 25//29 22//30 16//23
f 17//27 25//29 18//18
f 23//31 24//32 19//33
f 24//32 20//24 19//25
f 28//34 20//24 24//32
f 17//27 20//24 28//34
f 26//35 21//28 27//36
f 29//37 26//35 27//36
f 22//30 27//36 21//28
f 30//38 17//27 28//34
f 25//29 17//27 30//38
f 22//30 25//29 31//39
f 27//36 22//30 31//39
f 33//40 31//39 25//29
f 30//38 33//40 25//29
f 32//41 27//36 37//42
f 32//41 38//43 29//37
f 27//36 32//41 29//37
f 27//36 31//39 37//42
f 34//44 33//40 30//38
f 34//44 30//38 39//45
f 41//46 34//44 39//45
f 31//39 33//40 35//47
f 31//39 35//47 37//42
f 32//41 37//42 36//48
f 37//42 35//47 36//48
f 34//44 35//47 33//40
f 43//49 36//48 35//47
f 32//41 40//50 38//43
f 40//50 777//51 38//43
f 40//50 32//41 36//48
f 43//49 35//47 34//44
f 34//44 42//52 43//49
f 36//48 43//49 44//53
f 36//48 44//53 40//50
f 42//52 47//54 43//49
f 41//46 42//52 34//44
f 49//55 42//52 41//46
f 45//56 42//52 49//55
f 42//52 45//56 46//57
f 44//53 43//49 47//54
f 40//50 44//53 779//58
f 42//52 46//57 47//54
f 45//56 48//59 46//57
f 49//55 48//59 45//56
f 48//59 49//55 50//60
f 46//57 48//59 51//61
f 51//61 48//59 50//60
f 44//53 47//54 54//62
f 47//54 53//63 54//62
f 46//57 58//64 47//54
f 46//57 57//65 58//64
f 51//61 57//65 46//57
f 52//66 50//60 456//67
f 456//67 50//60 49//55
f 55//68 56//69 50//60
f 55//68 50//60 52//66
f 51//61 50//60 56//69
f 53//63 47//54 58//64
f 51//61 61//70 57//65
f 61//70 51//61 56//69
f 58//64 835//71 53//63
f 57//65 61//70 58//64
f 56//69 59//72 61//70
f 55//68 59//72 56//69
f 52//66 60//73 55//68
f 59//72 55//68 64//74
f 58//64 61//70 834//75
f 62//76 64//74 55//68
f 236//77 63//78 62//76
f 62//76 63//78 64//74
f 64//74 65//79 59//72
f 61//70 59//72 68//80
f 834//75 61//70 66//81
f 68//80 66//81 61//70
f 64//74 69//82 65//79
f 68//80 59//72 65//79
f 68//80 67//83 66//81
f 70//84 68//80 65//79
f 63//78 69//82 64//74
f 72//85 65//79 69//82
f 65//79 72//85 74//86
f 65//79 74//86 70//84
f 71//87 72//85 69//82
f 63//78 71//87 69//82
f 239//88 71//87 63//78
f 73//89 74//86 72//85
f 74//86 75//90 818//91
f 74//86 818//91 70//84
f 71//87 77//92 72//85
f 77//92 71//87 241//93
f 73//89 72//85 77//92
f 76//94 74//86 73//89
f 75//90 74//86 76//94
f 76//94 73//89 78//95
f 76//94 78//95 81//96
f 80//97 75//90 76//94
f 79//98 80//97 76//94
f 81//96 83//99 79//98
f 81//96 79//98 76//94
f 77//92 78//95 73//89
f 274//100 78//95 77//92
f 79//98 84//101 80//97
f 81//96 78//95 271//102
f 83//99 81//96 82//103
f 86//104 88//105 83//99
f 84//101 79//98 83//99
f 84//101 83//99 88//105
f 85//106 88//105 86//104
f 83//99 87//107 86//104
f 82//103 87//107 83//99
f 85//106 86//104 92//108
f 817//109 84//101 88//105
f 92//108 89//110 85//106
f 87//107 92//108 86//104
f 842//111 88//105 85//106
f 816//112 817//109 88//105
f 88//105 842//111 816//112
f 93//113 842//111 85//106
f 90//114 89//110 92//108
f 90//114 92//108 268//115
f 91//116 90//114 95//117
f 93//113 85//106 89//110
f 94//118 89//110 90//114
f 91//116 95//117 96//119
f 91//116 96//119 98//120
f 90//114 91//116 94//118
f 89//110 94//118 99//121
f 93//113 89//110 99//121
f 99//121 767//122 93//113
f 94//118 91//116 98//120
f 94//118 102//123 99//121
f 96//119 100//3 98//120
f 100//3 96//119 97//124
f 100//3 97//124 101//5
f 762//125 94//118 98//120
f 102//123 94//118 762//125
f 100//3 762//125 98//120
f 104//126 103//6 101//5
f 104//126 101//5 97//124
f 105//127 103//6 104//126
f 106//128 103//6 105//127
f 107//129 105//127 104//126
f 109//130 106//128 105//127
f 104//126 97//124 267//131
f 107//129 104//126 267//131
f 107//129 108//132 105//127
f 108//132 109//130 105//127
f 110//133 111//134 107//129
f 267//131 110//133 107//129
f 112//135 107//129 111//134
f 112//135 108//132 107//129
f 964//136 108//132 112//135
f 112//135 111//134 113//137
f 111//134 117//138 113//137
f 110//133 118//139 111//134
f 111//134 118//139 117//138
f 110//133 265//140 118//139
f 267//131 265//140 110//133
f 115//141 112//135 113//137
f 112//135 115//141 114//142
f 112//135 114//142 964//136
f 120//143 114//142 115//141
f 113//137 116//144 115//141
f 113//137 117//138 116//144
f 117//138 118//139 119//145
f 115//141 124//146 120//143
f 124//146 115//141 116//144
f 122//147 121//148 116//144
f 117//138 122//147 116//144
f 119//145 122//147 117//138
f 121//148 127//149 116//144
f 116//144 127//149 124//146
f 124//146 123//150 120//143
f 123//150 124//146 755//151
f 124//146 127//149 125//152
f 121//148 122//147 126//153
f 124//146 125//152 755//151
f 121//148 128//154 129//155
f 121//148 129//155 127//149
f 126//153 128//154 121//148
f 129//155 130//156 125//152
f 129//155 125//152 127//149
f 126//153 131//157 128//154
f 126//153 258//158 131//157
f 132//159 130//156 129//155
f 129//155 128//154 141//160
f 141//160 128//154 135//161
f 128//154 131//157 135//161
f 139//162 131//157 133//163
f 139//162 137//164 131//157
f 135//161 131//157 137//164
f 141//160 132//159 129//155
f 136//165 132//159 141//160
f 141//160 135//161 137//164
f 138//166 140//167 139//162
f 133//163 138//166 139//162
f 139//162 140//168 145//169
f 139//162 145//169 137//164
f 758//170 141//160 142//171
f 142//171 141//160 137//164
f 142//171 137//164 143//172
f 137//164 145//169 146//173
f 137//164 146//173 143//172
f 154//174 143//175 146//173
f 154//174 146//173 144//176
f 146//173 145//169 147//177
f 147//177 145//169 153//178
f 140//168 151//179 145//169
f 148//180 151//179 140//181
f 140//182 150//183 148//184
f 150//183 140//182 138//166
f 149//185 150//183 264//186
f 148//184 150//183 149//185
f 151//179 148//180 152//187
f 148//184 149//185 152//187
f 151//179 180//188 145//169
f 180//188 153//178 145//169
f 146//173 160//189 144//176
f 158//190 154//174 144//176
f 157//191 143//175 154//174
f 143//172 157//191 155//192
f 155//192 142//171 143//172
f 281//193 142//171 155//192
f 155//192 157//191 156//194
f 157//191 154//174 158//190
f 144//176 160//189 159//195
f 144//176 159//195 158//190
f 146//173 147//177 160//189
f 147//177 153//178 160//189
f 161//196 162//197 170//198
f 162//199 158//190 170//198
f 159//195 170//198 158//190
f 158//190 163//200 157//191
f 158//190 162//199 163//200
f 162//197 164//201 163//200
f 163//200 165//202 157//191
f 157//191 165//202 156//194
f 163//200 164//201 277//203
f 163//200 277//203 165//202
f 167//204 164//201 162//197
f 164//201 168//205 277//206
f 164//201 167//204 168//205
f 162//197 169//207 167//204
f 162//197 161//196 169//207
f 177//208 161//209 171//210
f 159//195 160//189 760//211
f 186//212 170//198 159//195
f 170//198 172//213 161//196
f 161//209 172//213 171//210
f 177//208 173//214 161//209
f 161//209 173//214 169//207
f 169//207 173//214 174//215
f 167//204 169//207 174//215
f 167//204 174//215 175//216
f 168//217 167//218 175//216
f 175//216 246//219 168//217
f 245//220 244//221 174//215
f 244//221 175//216 174//215
f 174//215 173//214 149//185
f 149//185 173//214 152//187
f 152//187 173//214 176//222
f 152//187 176//222 181//223
f 177//208 176//222 173//214
f 176//222 177//208 185//224
f 171//210 185//224 177//208
f 172//213 178//225 171//210
f 183//226 180//188 179//227
f 180//188 181//223 179//227
f 179//227 181//223 176//222
f 181//223 180//188 151//179
f 151//179 152//187 181//223
f 182//228 180//188 183//229
f 183//229 188//230 182//228
f 179//227 176//222 184//231
f 176//222 185//224 184//231
f 178//225 172//213 193//232
f 186//212 172//213 170//198
f 172//213 186//212 187//233
f 187//233 193//232 172//213
f 171//210 178//225 192//234
f 192//234 185//224 171//210
f 183//226 179//227 188//235
f 189//236 190//237 188//238
f 188//230 190//239 182//228
f 190//239 189//240 761//241
f 761//241 189//240 191//242
f 761//243 191//244 760//211
f 191//245 189//246 741//247
f 184//231 185//224 192//234
f 193//232 187//233 195//248
f 193//232 195//248 194//249
f 187//250 200//251 195//248
f 196//252 197//253 178//225
f 196//252 178//225 193//232
f 196//254 193//255 194//249
f 178//225 197//256 192//234
f 197//256 198//257 192//234
f 179//227 749//258 188//235
f 741//259 199//260 191//261
f 199//260 187//233 191//261
f 191//261 187//233 760//211
f 200//251 187//250 199//262
f 201//263 200//251 204//264
f 195//248 200//251 201//263
f 208//265 195//248 201//263
f 209//266 196//254 194//249
f 209//266 194//249 195//248
f 198//257 197//256 751//267
f 751//267 197//256 196//254
f 184//231 192//234 198//257
f 749//258 179//227 184//231
f 202//268 188//235 749//258
f 202//269 189//236 188//238
f 741//247 189//246 202//270
f 203//271 199//260 741//259
f 199//262 203//272 204//264
f 204//264 200//251 199//262
f 204//264 205//273 201//263
f 205//273 206//274 201//263
f 201//263 206//274 208//265
f 206//274 214//275 208//265
f 208//265 214//275 207//276
f 208//265 207//276 195//248
f 195//248 207//276 209//266
f 209//266 216//277 210//278
f 196//254 209//266 210//279
f 215//280 207//276 214//275
f 214//275 206//274 212//281
f 211//282 206//274 205//273
f 290//283 211//282 205//273
f 206//274 211//282 212//281
f 213//284 214//275 212//281
f 207//276 215//280 209//266
f 209//266 221//285 216//277
f 221//285 209//266 215//280
f 214//275 213//284 217//286
f 215//280 214//275 217//286
f 219//287 213//284 212//281
f 212//281 211//282 218//288
f 218//288 219//287 212//281
f 225//289 213//284 219//287
f 215//280 224//290 221//285
f 221//285 436//291 433//292
f 224//290 215//280 217//286
f 220//293 213//284 225//289
f 279//294 278//295 218//288
f 218//288 278//295 222//296
f 218//288 222//296 219//287
f 226//297 225//289 219//287
f 225//289 227//298 220//293
f 229//299 223//300 213//284
f 220//293 229//299 213//284
f 213//284 223//300 217//286
f 223//300 224//290 217//286
f 224//290 437//301 436//291
f 437//301 224//290 223//300
f 226//297 219//287 222//296
f 228//302 227//298 230//303
f 226//297 231//304 225//289
f 225//289 231//304 227//298
f 227//298 232//305 230//303
f 232//305 234//306 230//303
f 227//298 228//302 220//293
f 220//293 228//302 229//299
f 228//302 451//307 229//299
f 223//300 229//299 444//308
f 223//300 444//308 437//301
f 232//305 227//298 231//304
f 228//302 235//309 450//310
f 235//309 228//302 230//303
f 238//311 234//306 232//305
f 234//306 235//309 230//303
f 235//309 237//312 450//310
f 237//312 235//309 234//306
f 236//77 234//306 238//311
f 236//77 62//76 234//306
f 60//73 237//312 234//306
f 237//312 446//313 450//310
f 446//313 237//312 457//314
f 60//73 234//306 62//76
f 239//88 63//78 236//77
f 238//311 239//88 236//77
f 71//87 239//88 240//315
f 239//88 238//311 242//316
f 242//316 240//315 239//88
f 241//93 71//87 240//315
f 242//316 238//311 233//317
f 238//311 232//305 233//317
f 242//316 241//93 240//315
f 248//318 276//319 241//93
f 241//93 242//316 248//318
f 232//305 231//304 233//317
f 243//320 244//221 233//317
f 231//304 243//320 233//317
f 244//221 245//220 242//316
f 244//221 242//316 233//317
f 248//318 242//316 245//220
f 243//320 246//219 175//216
f 175//216 244//221 243//320
f 248//318 247//321 275//322
f 174//215 249//323 245//220
f 249//323 247//321 248//318
f 249//323 248//318 245//220
f 247//321 253//324 275//322
f 251//325 247//321 249//323
f 251//325 249//323 250//326
f 250//326 249//323 264//186
f 251//325 253//324 247//321
f 273//327 275//322 253//324
f 253//324 251//325 254//328
f 250//326 264//186 134//329
f 134//329 251//325 250//326
f 254//328 272//330 253//324
f 252//331 270//332 254//328
f 252//331 254//328 260//333
f 256//334 254//328 251//325
f 251//325 255//335 256//334
f 255//335 251//325 134//329
f 134//329 133//163 255//335
f 254//328 256//334 260//333
f 270//332 252//331 269//336
f 257//337 269//336 252//331
f 252//331 260//333 257//337
f 258//158 256//334 255//335
f 256//334 259//338 260//333
f 261//339 257//337 260//333
f 263//340 257//337 262//341
f 269//336 257//337 263//340
f 269//336 263//340 268//115
f 262//341 257//337 261//339
f 259//338 261//339 260//333
f 259//338 256//334 258//158
f 261//339 259//338 119//145
f 262//341 265//140 263//340
f 263//340 95//117 268//115
f 118//139 265//140 262//341
f 262//341 261//339 118//139
f 118//139 261//339 119//145
f 126//153 122//147 119//145
f 259//338 126//153 119//145
f 258//158 126//153 259//338
f 255//335 133//163 258//158
f 258//158 133//163 131//157
f 134//329 264//186 138//166
f 134//329 138//166 133//163
f 264//186 150//183 138//166
f 249//323 174//215 149//185
f 249//323 149//185 264//186
f 263//340 265//140 266//342
f 266//342 265//140 267//131
f 97//124 266//342 267//131
f 96//119 266//342 97//124
f 96//119 95//117 266//342
f 95//117 263//340 266//342
f 268//115 95//117 90//114
f 268//115 92//108 269//336
f 270//332 269//336 87//107
f 92//108 87//107 269//336
f 87//107 82//103 270//332
f 272//330 270//332 82//103
f 82//103 271//102 272//330
f 272//330 254//328 270//332
f 272//330 271//102 253//324
f 271//102 82//103 81//96
f 271//102 78//95 274//100
f 271//102 274//100 273//327
f 271//102 273//327 253//324
f 273//327 274//100 275//322
f 77//92 276//319 274//100
f 276//319 275//322 274//100
f 77//92 241//93 276//319
f 276//319 248//318 275//322
f 277//343 168//217 246//219
f 226//297 246//219 243//320
f 222//296 277//343 246//219
f 222//296 246//219 226//297
f 231//304 226//297 243//320
f 166//344 277//343 222//296
f 277//343 166//344 165//202
f 278//295 166//344 222//296
f 166//344 278//295 156//194
f 156//194 165//202 166//344
f 156//194 278//295 279//294
f 282//345 156//194 279//294
f 156//194 282//345 155//192
f 282//345 281//346 155//192
f 279//294 280//347 282//345
f 283//348 280//347 279//294
f 281//346 282//345 286//349
f 280//347 288//350 282//345
f 280//347 283//348 284//351
f 279//294 218//288 211//282
f 283//348 279//294 211//282
f 211//282 290//283 283//348
f 283//348 290//352 284//351
f 288//350 280//347 284//351
f 288//350 284//351 285//353
f 282//345 288//350 286//349
f 281//346 286//349 287//354
f 288//350 296//355 286//349
f 292//356 285//353 289//357
f 285//353 284//351 289//357
f 289//357 284//351 290//352
f 291//358 289//357 290//352
f 205//273 291//358 290//283
f 293//359 292//356 294//360
f 285//353 292//356 293//359
f 288//350 285//353 293//359
f 297//361 286//349 296//355
f 292//356 289//357 294//360
f 294//360 295//362 299//363
f 293//359 294//360 299//363
f 288//350 293//359 296//355
f 286//349 297//361 298//364
f 293//359 302//365 296//355
f 295//362 300//366 299//363
f 300//366 295//362 303//367
f 293//359 299//363 302//365
f 296//355 302//365 306//368
f 297//361 296//355 306//368
f 298//364 297//361 305//369
f 300//366 304//370 299//363
f 295//362 576//371 303//367
f 300//366 303//367 307//372
f 302//365 299//363 304//370
f 297//361 306//368 305//369
f 304//370 306//368 302//365
f 310//373 304//370 300//374
f 309//375 310//376 300//366
f 300//366 307//372 309//375
f 303//367 308//377 307//372
f 309//375 307//372 308//377
f 309//375 308//377 316//378
f 312//379 311//380 305//369
f 306//368 312//379 305//369
f 304//370 312//379 306//368
f 313//381 312//379 310//376
f 310//373 312//379 304//370
f 309//375 313//381 310//376
f 308//377 314//382 316//378
f 314//382 308//377 731//383
f 315//384 316//378 314//382
f 313//381 309//375 316//378
f 312//379 313//381 321//385
f 315//384 317//386 316//378
f 322//387 317//386 315//384
f 318//388 316//378 317//386
f 318//388 313//381 316//378
f 312//379 321//385 320//389
f 312//379 320//389 319//390
f 323//391 322//387 315//384
f 326//392 323//391 315//384
f 325//393 326//392 327//394
f 326//392 324//395 327//394
f 627//396 327//394 324//395
f 331//397 329//398 330//399
f 331//400 330//401 339//402
f 329//403 337//404 332//405
f 337//404 333//406 332//405
f 336//407 343//408 335//409
f 333//406 337//404 342//410
f 333//411 342//412 334//413
f 340//414 349//415 339//402
f 330//399 340//414 339//402
f 331//400 339//402 341//416
f 338//417 331//418 341//419
f 342//410 337//404 338//417
f 343//408 336//407 347//420
f 336//421 342//410 347//422
f 346//423 344//424 345//425
f 346//423 354//426 344//424
f 343//408 347//422 346//423
f 342//410 351//427 347//422
f 338//417 351//427 342//410
f 338//417 341//419 351//427
f 348//428 351//427 341//419
f 349//429 348//428 341//419
f 349//429 352//430 348//428
f 350//431 351//427 360//432
f 347//422 351//427 350//431
f 353//433 347//422 350//431
f 353//433 346//423 347//422
f 354//426 346//423 353//433
f 344//424 354//426 527//434
f 350//431 360//432 353//433
f 360//432 351//427 348//428
f 348//428 352//430 360//435
f 358//436 352//437 349//415
f 358//436 675//438 356//439
f 357//440 358//436 356//439
f 363//441 352//442 358//436
f 363//441 358//436 357//440
f 360//443 352//443 359//443
f 352//444 363//445 359//446
f 353//433 360//432 362//447
f 360//448 361//449 362//447
f 353//433 362//447 354//426
f 361//449 360//448 359//446
f 361//449 359//446 363//445
f 367//450 361//449 363//441
f 365//451 363//441 357//440
f 365//451 357//440 371//452
f 357//440 356//439 364//453
f 356//439 715//454 364//453
f 364//453 371//452 357//440
f 366//455 375//456 367//450
f 361//449 518//457 368//458
f 361//449 524//459 362//447
f 366//455 369//460 375//456
f 363//441 366//455 367//450
f 366//455 363//441 365//451
f 370//461 366//455 365//451
f 370//461 365//451 721//462
f 565//463 719//464 371//452
f 565//463 371//452 364//453
f 371//452 721//462 365//451
f 721//462 377//465 370//461
f 370//461 373//466 372//467
f 370//461 377//465 373//466
f 366//455 370//461 372//467
f 375//456 369//460 517//468
f 369//460 374//469 517//468
f 380//470 374//469 369//460
f 369//460 366//455 372//467
f 379//471 373//466 376//472
f 376//472 378//473 382//474
f 372//467 373//466 379//471
f 381//475 372//467 379//471
f 372//467 381//475 380//470
f 380//470 369//460 372//467
f 382//474 381//475 379//471
f 382//474 387//476 381//475
f 382//474 379//471 376//472
f 386//477 382//474 378//473
f 384//478 378//473 376//472
f 384//478 376//472 383//479
f 376//480 373//466 383//479
f 383//479 373//466 377//465
f 384//478 385//481 386//477
f 386//477 378//473 384//478
f 391//482 382//474 386//477
f 388//483 387//484 391//485
f 390//486 380//470 387//487
f 380//488 381//475 387//476
f 388//483 389//489 387//484
f 389//489 390//486 387//487
f 391//485 395//490 388//483
f 382//474 391//491 387//476
f 386//477 394//492 391//482
f 386//477 385//481 394//492
f 385//481 384//478 392//493
f 385//481 729//494 393//495
f 394//492 385//481 393//495
f 391//482 394//492 400//496
f 397//497 395//490 391//485
f 389//489 388//483 395//490
f 395//490 396//498 389//489
f 395//490 397//497 396//498
f 400//496 397//497 391//482
f 402//499 397//497 400//496
f 398//500 400//496 394//492
f 394//492 393//495 398//500
f 729//494 409//501 403//502
f 729//494 403//502 393//495
f 393//495 399//503 398//500
f 403//502 399//503 393//495
f 401//504 397//497 402//499
f 401//504 396//498 397//497
f 401//504 482//505 396//498
f 398//500 399//503 400//496
f 400//496 399//503 405//506
f 404//507 406//508 405//506
f 405//506 406//508 402//499
f 405//506 402//499 400//496
f 401//504 402//499 406//508
f 474//509 401//504 406//508
f 401//504 474//509 476//510
f 407//511 474//509 406//508
f 406//508 404//507 407//512
f 413//513 404//507 408//514
f 404//507 405//506 411//515
f 405//506 399//503 411//516
f 411//516 399//503 403//502
f 411//516 403//502 409//501
f 410//517 411//518 409//519
f 730//520 410//517 409//521
f 410//517 416//522 411//518
f 411//523 408//523 404//523
f 408//524 412//525 413//513
f 413//513 407//512 404//507
f 414//526 407//512 413//513
f 475//527 474//509 407//512
f 407//512 414//526 475//527
f 412//525 408//528 416//522
f 412//525 416//522 415//529
f 416//522 408//528 411//518
f 410//517 417//530 416//522
f 418//531 417//530 410//517
f 418//531 410//517 730//520
f 416//522 417//530 419//532
f 416//522 419//532 415//529
f 419//532 420//533 415//529
f 420//533 421//534 415//529
f 412//525 415//529 413//513
f 413//513 415//529 422//535
f 470//536 414//526 413//513
f 422//535 470//536 413//513
f 415//529 421//534 422//535
f 427//537 421//534 420//533
f 420//533 424//538 425//539
f 420//533 419//532 424//538
f 417//530 418//531 423//540
f 423//540 424//538 417//530
f 417//530 424//538 419//532
f 426//541 420//533 425//539
f 420//533 426//541 427//537
f 469//542 421//534 427//537
f 427//537 426//541 428//543
f 427//537 428//543 431//544
f 426//541 425//539 428//543
f 424//538 423//540 429//545
f 424//538 429//545 425//539
f 537//546 423//540 418//531
f 429//545 423//540 537//546
f 425//539 429//545 433//292
f 425//539 433//292 428//543
f 433//292 430//547 428//543
f 430//547 431//544 428//543
f 469//542 427//537 431//544
f 431//544 430//547 432//548
f 430//547 433//292 436//291
f 429//545 532//549 433//292
f 430//547 436//291 435//550
f 435//550 432//548 430//547
f 432//548 435//550 431//544
f 434//551 431//544 435//550
f 440//552 434//551 435//550
f 224//290 436//291 221//285
f 436//291 437//301 435//550
f 435//550 437//301 438//553
f 439//554 440//552 438//553
f 438//553 440//552 435//550
f 431//544 434//551 442//555
f 440//556 443//556 434//556
f 434//557 443//557 442//557
f 443//558 447//559 442//560
f 443//558 440//552 445//561
f 440//552 439//554 445//561
f 439//554 438//553 444//308
f 444//308 438//553 437//301
f 444//308 445//562 439//554
f 443//558 445//561 446//313
f 447//559 443//558 446//313
f 441//563 442//555 448//564
f 442//555 441//563 431//544
f 452//565 441//563 448//564
f 455//566 448//564 442//555
f 447//559 455//566 442//555
f 449//567 455//566 447//559
f 446//313 445//561 450//310
f 450//310 445//561 451//307
f 444//568 451//307 445//561
f 228//302 450//310 451//307
f 457//314 447//559 446//313
f 454//569 452//565 448//564
f 454//569 453//570 452//565
f 455//566 449//567 456//67
f 447//559 457//314 449//567
f 457//314 531//571 449//567
f 456//67 449//567 531//571
f 455//566 456//67 49//55
f 448//564 455//566 41//46
f 453//570 454//569 458//572
f 452//565 453//570 458//572
f 41//46 458//572 454//569
f 41//46 454//569 448//564
f 49//55 41//46 455//566
f 458//572 41//46 39//45
f 458//572 28//34 24//32
f 28//34 458//572 39//45
f 458//572 459//573 452//565
f 458//572 23//31 459//573
f 459//573 23//31 462//574
f 24//32 23//31 458//572
f 28//34 39//45 30//38
f 462//575 23//576 460//577
f 464//578 459//573 461//579
f 462//574 461//579 459//573
f 462//575 460//577 530//580
f 460//577 23//576 466//581
f 466//26 23//582 19//25
f 461//579 462//574 530//583
f 481//584 465//585 464//578
f 461//579 481//584 464//578
f 463//586 465//585 481//584
f 464//578 441//563 459//573
f 469//542 441//563 464//578
f 472//587 465//585 463//586
f 472//587 463//586 468//588
f 530//583 467//589 461//579
f 460//577 466//581 530//580
f 480//590 463//586 481//584
f 468//588 463//586 480//590
f 472//587 421//534 465//585
f 421//534 469//542 465//585
f 464//578 465//585 469//542
f 469//542 431//544 441//563
f 441//563 452//565 459//573
f 470//536 472//587 468//588
f 471//591 470//536 468//588
f 471//591 414//526 470//536
f 470//536 422//535 472//587
f 472//587 422//535 421//534
f 475//527 471//591 473//592
f 471//591 468//588 478//593
f 471//591 478//593 473//592
f 468//588 480//590 478//593
f 473//592 474//509 475//527
f 473//592 476//510 474//509
f 475//527 414//526 471//591
f 476//510 473//592 477//594
f 473//592 493//595 477//594
f 473//592 478//593 493//595
f 478//593 480//590 479//596
f 480//590 481//584 486//597
f 486//597 479//596 480//590
f 486//597 485//598 479//596
f 479//596 484//599 478//593
f 478//593 484//599 493//595
f 477//594 482//505 476//510
f 476//510 482//505 401//504
f 389//489 396//498 482//505
f 477//594 493//595 483//600
f 493//595 484//599 492//601
f 479//596 485//598 487//602
f 479//596 487//602 491//603
f 487//602 485//598 488//604
f 529//605 488//604 485//598
f 529//605 485//598 486//597
f 487//602 490//606 491//603
f 479//596 491//603 484//599
f 477//594 483//600 482//505
f 390//486 389//489 482//505
f 390//607 482//505 483//600
f 498//608 493//595 492//601
f 497//609 492//601 484//599
f 484//599 491//603 497//609
f 496//610 491//603 490//606
f 487//602 488//604 489//611
f 489//611 488//604 494//612
f 495//613 489//611 494//612
f 501//15 13//20 12//16
f 501//15 502//614 495//613
f 502//615 489//611 495//613
f 491//603 496//610 497//609
f 492//601 497//609 498//608
f 493//595 498//608 483//600
f 390//607 483//600 499//616
f 390//617 499//618 511//619
f 483//600 498//608 499//616
f 499//620 498//620 500//620
f 498//621 497//609 500//622
f 497//609 505//623 500//622
f 497//609 496//610 504//624
f 490//606 487//602 507//625
f 507//625 487//602 503//626
f 503//626 487//602 489//611
f 501//15 8//11 3//8
f 515//627 502//614 501//15
f 3//8 515//627 501//15
f 502//615 503//626 489//611
f 507//625 504//624 496//610
f 507//625 496//610 490//606
f 504//624 505//623 497//609
f 500//628 506//628 499//628
f 506//629 500//622 510//630
f 499//618 506//631 511//619
f 500//622 505//623 510//630
f 505//623 504//624 510//632
f 502//615 508//633 503//626
f 508//634 502//614 515//627
f 528//635 515//627 3//8
f 528//635 3//8 848//636
f 508//633 514//637 507//625
f 508//633 507//625 503//626
f 507//625 514//637 509//638
f 507//625 509//638 504//624
f 504//624 509//638 510//632
f 511//639 506//629 510//630
f 510//632 512//640 511//641
f 512//640 390//642 511//643
f 380//470 390//486 374//469
f 390//642 512//640 374//469
f 374//469 512//640 517//468
f 510//632 513//644 512//640
f 512//640 513//644 517//468
f 513//644 510//632 509//638
f 514//645 508//634 515//627
f 515//627 520//646 516//647
f 515//627 516//647 514//645
f 514//645 516//647 519//648
f 514//649 519//650 513//644
f 509//638 514//637 513//644
f 519//650 517//468 513//644
f 375//456 517//468 518//457
f 518//457 517//468 519//650
f 520//646 522//651 516//647
f 516//647 522//651 519//648
f 519//650 521//652 518//457
f 518//457 361//449 367//450
f 367//450 375//456 518//457
f 1353//653 519//648 522//651
f 521//652 368//458 518//457
f 368//458 523//654 524//459
f 368//458 524//459 361//449
f 362//447 524//459 354//426
f 354//426 524//459 527//434
f 524//459 523//654 527//434
f 1357//655 523//654 368//656
f 527//434 523//654 1357//655
f 527//434 1357//657 525//658
f 368//659 521//660 526//661
f 521//652 1353//662 526//663
f 13//20 501//15 495//613
f 13//20 495//613 494//612
f 494//612 488//604 529//664
f 494//612 529//664 466//581
f 467//589 529//605 486//597
f 529//664 530//580 466//581
f 467//589 530//583 529//665
f 467//589 486//597 461//579
f 486//597 481//584 461//579
f 13//20 494//612 466//581
f 531//571 52//66 456//67
f 531//571 237//312 52//66
f 60//73 52//66 237//312
f 531//571 457//314 237//312
f 60//73 62//76 55//68
f 451//307 444//308 229//299
f 433//292 216//277 221//285
f 433//292 532//549 216//277
f 532//549 535//666 210//278
f 210//278 216//277 532//549
f 535//666 532//549 534//667
f 532//549 429//545 534//667
f 533//668 534//667 429//545
f 533//669 429//545 537//546
f 534//667 536//670 535//666
f 536//670 541//671 535//666
f 750//672 210//278 535//666
f 536//670 540//673 541//671
f 539//674 540//673 536//670
f 536//670 534//675 533//676
f 418//531 544//677 538//678
f 538//679 537//546 418//531
f 537//546 538//679 533//669
f 538//678 536//670 533//676
f 541//671 550//680 535//666
f 750//672 535//666 550//680
f 542//681 541//671 549//682
f 541//671 540//673 543//683
f 543//683 540//673 539//674
f 539//674 536//670 546//684
f 544//677 545//685 538//678
f 543//683 539//674 547//686
f 552//687 548//688 543//683
f 543//683 551//689 549//690
f 543//683 549//690 541//671
f 541//671 542//681 550//680
f 746//691 550//680 542//681
f 542//681 549//682 557//692
f 557//693 549//690 551//689
f 548//688 552//687 555//694
f 555//694 552//687 554//695
f 543//683 547//686 552//687
f 547//686 539//674 546//684
f 546//684 536//670 724//696
f 724//696 536//670 538//678
f 725//697 724//696 538//678
f 546//684 560//698 547//686
f 547//686 560//698 553//699
f 547//686 553//699 552//687
f 553//699 554//695 552//687
f 554//695 556//700 555//694
f 555//694 739//701 548//688
f 558//702 551//689 543//683
f 558//703 543//683 548//688
f 542//681 557//692 746//691
f 557//693 551//689 558//703
f 558//703 548//688 739//701
f 739//701 555//694 734//704
f 566//705 556//700 564//706
f 556//700 554//695 564//706
f 553//699 561//707 554//695
f 561//707 553//699 560//698
f 561//707 559//708 554//695
f 559//708 562//709 554//695
f 563//710 564//706 562//709
f 564//706 554//695 562//709
f 565//463 563//710 562//709
f 563//710 566//705 564//706
f 555//694 556//700 571//711
f 734//704 555//694 571//711
f 566//705 567//712 571//711
f 556//700 566//705 571//711
f 567//712 566//705 569//713
f 566//705 563//710 568//714
f 716//715 563//710 565//463
f 563//710 716//715 568//714
f 568//714 569//713 566//705
f 567//712 574//716 570//717
f 570//717 571//711 567//712
f 570//717 301//718 294//719
f 570//720 574//720 301//720
f 574//716 567//712 569//713
f 574//716 569//713 573//721
f 572//722 568//714 716//715
f 572//722 580//723 568//714
f 568//714 579//724 573//721
f 573//721 569//713 568//714
f 573//721 578//725 574//716
f 578//725 575//726 574//716
f 575//726 576//371 574//716
f 574//716 576//371 301//727
f 301//728 576//371 295//362
f 575//726 578//725 577//729
f 579//724 582//730 573//721
f 573//721 582//730 578//725
f 582//730 579//724 580//723
f 579//724 568//714 580//723
f 580//723 581//731 582//730
f 583//732 584//733 582//730
f 582//730 584//734 578//725
f 584//734 577//729 578//725
f 585//735 590//736 577//729
f 584//734 585//735 577//729
f 577//729 590//737 587//738
f 587//738 588//739 575//726
f 577//729 587//738 575//726
f 575//726 588//739 732//740
f 303//367 576//371 575//726
f 588//739 587//738 599//741
f 587//738 590//737 589//742
f 590//736 585//735 597//743
f 585//735 586//744 597//743
f 595//745 586//746 594//747
f 597//748 586//746 595//745
f 597//748 595//745 596//749
f 586//746 584//750 591//751
f 586//744 585//735 584//734
f 584//750 592//752 591//751
f 592//753 584//754 583//755
f 603//756 592//757 593//758
f 592//759 603//756 591//751
f 591//751 603//756 594//747
f 586//746 591//751 594//747
f 601//760 597//743 596//761
f 590//736 597//743 598//762
f 598//763 589//742 590//737
f 589//742 599//741 587//738
f 589//764 606//765 607//766
f 608//767 599//741 607//766
f 599//768 589//764 607//766
f 589//764 598//762 610//769
f 600//770 598//762 597//743
f 610//769 598//762 600//770
f 601//760 600//770 597//743
f 596//749 595//745 602//771
f 601//760 596//761 602//772
f 604//773 594//747 603//756
f 603//756 713//774 612//775
f 604//773 603//756 612//775
f 604//776 611//776 594//776
f 594//747 611//777 595//745
f 595//778 621//779 602//780
f 602//772 605//781 601//760
f 601//782 605//783 600//770
f 600//770 605//783 610//769
f 610//769 606//765 589//764
f 588//739 599//741 608//767
f 732//740 588//739 608//767
f 609//784 608//767 619//785
f 608//767 607//766 619//785
f 607//766 606//765 620//786
f 619//785 607//766 620//786
f 620//786 606//765 618//787
f 618//787 606//765 610//769
f 610//788 605//789 617//790
f 617//790 605//789 602//791
f 602//780 621//779 616//792
f 595//793 611//794 621//779
f 611//795 604//796 613//797
f 604//773 612//775 613//798
f 612//775 615//799 613//798
f 613//797 614//800 611//795
f 611//794 614//801 621//779
f 602//802 616//802 617//802
f 625//803 617//804 616//792
f 617//804 618//787 610//769
f 314//382 732//740 608//767
f 314//382 608//767 609//784
f 315//384 609//784 619//785
f 326//392 619//785 620//786
f 326//392 620//786 626//805
f 626//805 620//786 625//803
f 620//786 618//787 625//803
f 618//787 617//804 625//803
f 625//803 616//792 621//779
f 614//801 624//806 621//779
f 624//806 614//807 615//799
f 614//808 613//798 615//799
f 624//806 615//799 622//809
f 622//809 615//799 612//775
f 623//810 624//806 622//809
f 624//806 625//803 621//779
f 625//803 632//811 626//805
f 619//785 326//392 315//384
f 627//396 626//805 632//811
f 625//803 624//806 632//811
f 632//811 624//806 631//812
f 624//806 623//810 631//812
f 631//812 623//810 628//813
f 629//814 628//813 623//810
f 629//814 623//810 622//809
f 622//809 705//815 629//814
f 629//814 705//815 704//816
f 630//817 628//813 629//814
f 628//813 630//817 633//818
f 627//396 632//811 636//819
f 627//396 324//395 626//805
f 626//805 324//395 326//392
f 636//819 632//811 631//812
f 631//812 628//813 637//820
f 637//820 628//813 635//821
f 634//822 635//821 633//818
f 633//818 635//821 628//813
f 704//816 633//818 630//817
f 634//822 633//818 698//823
f 633//824 704//825 698//826
f 631//812 637//820 636//819
f 637//820 645//827 636//819
f 645//827 627//396 636//819
f 646//828 637//820 635//821
f 635//821 638//829 646//828
f 638//829 643//830 647//831
f 639//832 643//830 638//829
f 635//821 639//833 638//829
f 640//834 639//835 634//822
f 639//836 635//821 634//822
f 641//837 639//835 640//834
f 648//838 643//830 642//839
f 638//829 647//831 646//828
f 646//828 644//840 637//820
f 644//840 645//827 637//820
f 646//828 647//831 653//841
f 653//841 647//831 648//838
f 647//831 643//830 648//838
f 650//842 648//838 642//839
f 650//842 651//843 648//838
f 649//844 648//838 651//843
f 649//844 652//845 648//838
f 652//846 653//841 648//838
f 646//828 1475//847 644//840
f 652//846 649//848 654//849
f 654//849 649//848 655//850
f 649//851 679//852 655//853
f 654//849 655//854 656//855
f 645//827 1470//856 327//394
f 627//396 645//827 327//394
f 657//857 658//858 659//859
f 659//860 666//861 660//862
f 340//414 661//863 662//864
f 661//863 660//862 662//864
f 662//864 660//862 666//861
f 666//861 659//859 663//865
f 663//865 659//859 658//858
f 658//866 657//867 1482//868
f 665//869 664//870 670//871
f 670//872 664//873 658//866
f 664//873 663//865 658//866
f 349//415 340//414 662//864
f 662//864 666//861 676//874
f 666//861 663//865 667//875
f 663//865 664//873 667//875
f 667//875 664//873 668//876
f 668//876 664//873 665//877
f 658//866 1490//878 670//872
f 1490//878 658//866 1482//868
f 670//871 1490//879 671//880
f 671//880 665//869 670//871
f 669//881 672//881 665//881
f 665//882 672//883 668//884
f 672//883 681//885 668//884
f 681//885 673//886 668//884
f 666//861 667//875 676//874
f 676//874 674//887 662//864
f 674//887 349//415 662//864
f 675//438 349//415 674//887
f 674//887 676//874 685//888
f 684//889 676//874 667//875
f 684//890 682//891 683//892
f 684//893 667//875 682//894
f 682//894 667//875 668//876
f 668//895 673//895 682//895
f 682//896 673//886 681//885
f 681//885 672//883 669//897
f 681//898 669//899 677//900
f 681//885 677//900 680//901
f 669//899 678//902 677//900
f 665//903 678//903 669//903
f 671//880 678//904 665//869
f 678//904 671//880 679//852
f 679//852 671//905 655//853
f 655//906 671//880 1490//879
f 677//900 678//902 650//842
f 682//891 687//907 683//892
f 685//888 676//874 684//889
f 674//887 685//908 675//438
f 675//438 685//909 717//910
f 684//890 683//892 686//911
f 686//912 683//892 687//907
f 684//913 686//914 685//909
f 687//915 682//916 688//917
f 682//896 681//885 688//917
f 688//917 681//885 680//901
f 688//917 680//901 691//918
f 691//918 680//901 642//839
f 650//842 642//839 680//901
f 650//842 680//901 677//900
f 642//839 689//919 691//918
f 678//902 651//843 650//842
f 679//852 651//920 678//904
f 651//920 679//852 649//851
f 656//855 655//906 690//921
f 655//906 1490//879 690//921
f 689//919 641//837 691//918
f 641//837 692//922 691//918
f 639//832 641//837 689//919
f 689//919 642//839 643//830
f 689//919 643//830 639//832
f 691//918 692//922 696//923
f 691//918 696//923 688//917
f 693//924 692//922 641//837
f 640//834 693//924 641//837
f 693//924 634//822 694//925
f 693//924 640//834 634//822
f 694//925 695//926 696//923
f 694//925 696//923 693//924
f 696//923 692//922 693//927
f 696//923 695//926 701//928
f 701//928 695//926 697//929
f 694//925 698//823 695//926
f 695//926 698//826 704//825
f 698//823 694//925 634//822
f 704//816 699//930 697//931
f 704//825 697//929 695//926
f 699//932 700//933 703//934
f 699//930 703//935 697//931
f 703//934 701//928 697//929
f 701//928 702//936 696//923
f 696//923 687//915 688//917
f 687//915 696//923 702//936
f 702//936 701//928 709//937
f 701//928 703//934 709//937
f 629//814 704//816 630//817
f 704//816 705//815 699//930
f 705//815 706//938 699//932
f 699//932 706//938 700//933
f 706//938 712//939 700//933
f 700//933 712//939 707//940
f 700//933 707//940 581//731
f 581//731 708//941 700//933
f 700//933 708//941 709//937
f 703//934 700//933 709//937
f 709//937 710//942 686//943
f 709//944 686//912 702//945
f 702//945 686//912 687//907
f 717//910 686//914 710//942
f 709//937 708//941 710//942
f 710//942 708//941 711//946
f 708//941 581//731 711//946
f 711//947 581//731 580//723
f 583//732 582//730 581//731
f 583//732 581//731 707//940
f 706//938 705//815 622//809
f 622//809 612//775 706//938
f 612//775 713//774 706//938
f 593//758 707//948 713//774
f 713//949 707//940 712//939
f 713//774 712//939 706//938
f 707//950 593//758 592//757
f 592//753 583//755 707//951
f 713//774 603//756 593//758
f 572//722 711//947 580//723
f 572//722 714//952 711//947
f 711//946 714//953 710//942
f 572//722 715//454 714//952
f 710//942 714//953 717//910
f 717//910 714//954 718//955
f 715//454 718//955 714//952
f 716//715 715//454 572//722
f 715//454 716//715 565//463
f 718//955 715//454 675//438
f 717//910 718//955 675//438
f 686//914 717//910 685//909
f 356//439 675//438 715//454
f 675//438 358//436 349//415
f 349//415 341//416 339//402
f 565//463 364//453 715//454
f 559//708 719//464 565//463
f 562//709 559//708 565//463
f 719//464 559//708 720//956
f 720//956 721//957 371//958
f 720//956 371//452 719//464
f 561//707 720//956 559//708
f 560//698 720//956 561//707
f 722//959 720//956 560//698
f 720//956 722//959 721//957
f 377//465 721//462 723//960
f 723//960 721//957 722//959
f 724//696 723//960 722//959
f 722//959 560//698 724//696
f 383//479 723//960 724//696
f 377//465 723//960 383//479
f 724//696 725//697 383//479
f 560//698 546//684 724//696
f 384//478 383//479 726//961
f 383//479 725//697 726//961
f 726//961 392//493 384//478
f 392//493 727//962 728//963
f 545//685 727//962 725//697
f 726//961 727//964 392//493
f 726//961 725//697 727//965
f 538//678 545//685 725//697
f 727//962 545//685 544//677
f 409//501 729//494 728//963
f 729//494 385//481 728//963
f 728//963 385//481 392//493
f 727//962 544//677 730//520
f 727//962 730//520 728//963
f 418//531 730//520 544//677
f 730//966 409//501 728//963
f 314//382 609//784 315//384
f 731//383 732//740 314//382
f 308//377 303//367 731//383
f 732//740 731//383 575//726
f 731//383 303//367 575//726
f 301//967 295//362 294//360
f 294//968 289//969 571//711
f 294//719 571//711 570//717
f 571//711 289//969 733//970
f 733//970 734//704 571//711
f 289//357 291//358 735//971
f 289//972 735//973 733//970
f 735//971 291//358 205//273
f 736//974 735//975 205//273
f 742//976 733//970 735//973
f 737//977 742//978 735//975
f 733//970 738//979 734//704
f 739//701 734//704 738//979
f 735//975 736//974 737//977
f 742//980 737//981 740//982
f 205//273 204//264 736//974
f 204//264 737//977 736//974
f 203//272 737//977 204//264
f 737//983 203//983 740//983
f 741//259 740//984 203//271
f 742//976 738//979 733//970
f 738//979 743//985 739//701
f 558//703 739//701 743//985
f 558//703 743//985 557//693
f 557//693 743//985 745//986
f 557//692 745//987 746//691
f 743//985 738//979 745//986
f 738//979 742//976 744//988
f 742//980 740//982 202//270
f 202//270 740//982 741//247
f 202//268 744//988 742//976
f 744//988 745//986 738//979
f 745//986 748//989 746//990
f 746//991 748//989 747//992
f 745//986 744//988 748//989
f 748//989 744//988 749//258
f 202//268 749//258 744//988
f 747//992 198//993 746//991
f 198//257 751//267 746//691
f 750//672 550//680 746//691
f 751//267 750//672 746//691
f 198//257 747//992 748//989
f 198//257 748//989 184//231
f 748//989 749//258 184//231
f 210//278 750//672 751//267
f 196//254 210//279 751//267
f 123//150 753//994 752//995
f 752//995 120//143 123//150
f 123//150 754//996 753//994
f 754//996 123//150 755//151
f 120//143 752//995 114//142
f 756//997 754//996 755//151
f 756//997 755//151 125//152
f 125//152 130//156 756//997
f 756//997 311//380 754//996
f 756//997 130//156 132//159
f 756//997 132//159 757//998
f 756//997 757//998 311//380
f 132//159 136//165 757//998
f 757//998 136//165 298//364
f 757//998 305//369 311//380
f 305//369 757//998 298//364
f 758//170 298//364 136//165
f 136//165 141//160 758//170
f 298//364 758//170 286//349
f 287//354 286//349 758//170
f 758//170 142//171 287//354
f 281//346 287//354 142//171
f 311//380 759//999 754//996
f 759//999 753//994 754//996
f 759//999 311//380 312//379
f 312//379 319//390 759//999
f 759//999 319//390 1171//1000
f 187//233 186//212 760//211
f 186//212 159//195 760//211
f 190//239 761//241 153//178
f 153//178 761//243 160//189
f 160//189 761//243 760//211
f 153//178 180//188 182//228
f 190//239 153//178 182//228
f 762//125 100//3 1//4
f 762//125 1//4 763//1001
f 102//123 762//125 764//1002
f 762//125 763//1001 764//1002
f 765//1003 102//123 764//1002
f 766//1004 765//1003 764//1002
f 99//121 102//123 765//1003
f 767//122 99//121 765//1003
f 765//1003 768//1005 767//122
f 766//1004 768//1005 765//1003
f 769//1006 768//1005 766//1004
f 769//1006 770//1007 768//1005
f 769//1006 771//1008 770//1007
f 770//1007 771//1008 844//1009
f 1641//1010 15//22 26//35
f 774//1011 773//1012 26//35
f 29//37 774//1011 26//35
f 29//37 772//1013 774//1011
f 38//43 772//1013 29//37
f 772//1013 38//43 775//1014
f 775//1014 776//1015 772//1013
f 776//1015 1584//1016 772//1013
f 1586//1017 1584//1016 776//1015
f 777//51 776//1015 775//1014
f 38//43 777//51 775//1014
f 776//1015 778//1018 1586//1017
f 1586//1017 778//1018 781//1019
f 780//1020 778//1018 776//1015
f 777//51 780//1020 776//1015
f 779//58 777//51 40//50
f 780//1020 777//51 779//58
f 778//1018 780//1020 839//1021
f 780//1020 779//58 839//1021
f 783//1022 778//1018 839//1021
f 781//1019 783//1022 782//1023
f 783//1022 781//1019 778//1018
f 783//1022 839//1021 785//1024
f 782//1023 783//1022 784//1025
f 782//1023 784//1025 1590//1026
f 785//1024 784//1025 783//1022
f 785//1024 841//1027 784//1025
f 841//1027 787//1028 784//1025
f 786//1029 784//1025 787//1028
f 788//1030 786//1029 787//1028
f 789//1031 788//1030 791//1032
f 789//1031 790//1033 1596//1034
f 791//1032 790//1033 789//1031
f 791//1032 793//1035 790//1033
f 793//1035 791//1032 792//1036
f 793//1035 795//1037 794//1038
f 790//1033 793//1035 794//1038
f 792//1036 796//1039 793//1035
f 797//1040 793//1035 796//1039
f 797//1040 795//1037 793//1035
f 798//1041 797//1040 796//1039
f 799//1042 796//1039 822//1043
f 799//1042 798//1041 796//1039
f 802//1044 798//1041 799//1042
f 800//1045 797//1040 798//1041
f 801//1046 797//1040 800//1045
f 801//1046 795//1037 797//1040
f 804//1047 800//1045 798//1041
f 802//1044 804//1047 798//1041
f 803//1048 801//1046 800//1045
f 844//1009 803//1048 800//1045
f 804//1047 844//1009 800//1045
f 804//1047 802//1044 808//1049
f 802//1044 805//1050 806//1051
f 799//1042 805//1050 802//1044
f 802//1044 806//1051 808//1049
f 843//1052 804//1047 808//1049
f 808//1049 811//1053 843//1052
f 808//1049 810//1054 807//1055
f 809//1056 810//1054 806//1051
f 809//1056 806//1051 805//1050
f 813//1057 809//1056 805//1050
f 810//1054 809//1056 812//1058
f 808//1049 806//1051 810//1054
f 811//1053 808//1049 807//1055
f 770//1007 843//1052 811//1053
f 807//1055 810//1054 812//1058
f 812//1058 809//1056 814//1059
f 813//1057 814//1059 809//1056
f 80//97 814//1059 813//1057
f 812//1058 814//1059 84//101
f 812//1058 84//101 817//109
f 816//112 807//1055 812//1058
f 811//1053 807//1055 815//1060
f 816//112 815//1060 807//1055
f 812//1058 817//109 816//112
f 814//1059 80//97 84//101
f 813//1057 818//91 80//97
f 819//1061 818//91 813//1057
f 818//91 75//90 80//97
f 805//1050 819//1061 813//1057
f 819//1061 820//1062 818//91
f 820//1062 67//83 818//91
f 805//1050 821//1063 819//1061
f 821//1063 805//1050 822//1043
f 821//1063 820//1062 819//1061
f 799//1042 822//1043 805//1050
f 823//1064 821//1063 822//1043
f 824//1065 820//1062 821//1063
f 67//83 820//1062 824//1065
f 821//1063 823//1064 824//1065
f 792//1036 825//1066 822//1043
f 823//1064 822//1043 825//1066
f 824//1065 829//1067 828//1068
f 823//1064 829//1067 824//1065
f 825//1066 827//1069 823//1064
f 792//1036 822//1043 796//1039
f 829//1067 823//1064 827//1069
f 826//1070 825//1066 792//1036
f 791//1032 826//1070 792//1036
f 791//1032 788//1030 826//1070
f 830//1071 825//1066 826//1070
f 827//1069 825//1066 830//1071
f 829//1067 827//1069 831//1072
f 828//1068 829//1067 832//1073
f 829//1067 831//1072 832//1073
f 827//1069 830//1071 831//1072
f 831//1072 830//1071 833//1074
f 831//1072 835//71 832//1073
f 832//1073 835//71 834//75
f 840//1075 830//1071 826//1070
f 838//1076 833//1074 830//1071
f 838//1076 830//1071 840//1075
f 831//1072 833//1074 836//1077
f 832//1073 834//75 66//81
f 66//81 828//1068 832//1073
f 66//81 67//83 824//1065
f 824//1065 828//1068 66//81
f 67//83 68//80 70//84
f 70//84 818//91 67//83
f 835//71 58//64 834//75
f 835//71 836//1077 54//62
f 54//62 53//63 835//71
f 836//1077 835//71 831//1072
f 833//1074 838//1076 836//1077
f 836//1077 838//1076 837//1078
f 837//1078 54//62 836//1077
f 779//58 54//62 837//1078
f 837//1078 839//1021 779//58
f 839//1021 837//1078 785//1024
f 837//1078 838//1076 785//1024
f 840//1075 785//1024 838//1076
f 840//1075 841//1027 785//1024
f 787//1028 841//1027 826//1070
f 826//1070 841//1027 840//1075
f 788//1030 787//1028 826//1070
f 779//58 44//53 54//62
f 767//122 842//111 93//113
f 767//122 815//1060 842//111
f 815//1060 816//112 842//111
f 768//1005 815//1060 767//122
f 815//1060 768//1005 811//1053
f 811//1053 768//1005 770//1007
f 843//1052 770//1007 844//1009
f 843//1052 844//1009 804//1047
f 21//28 26//35 15//22
f 15//22 1641//1010 10//21
f 3//8 849//7 848//636
f 323//391 326//392 325//393
f 329//1079 331//418 338//417
f 337//404 329//403 338//417
f 336//407 334//413 342//412
f 521//652 519//650 1353//662
f 1357//1080 368//659 526//661
f 355//1081 344//424 527//434
f 1641//1010 26//35 773//1012
f 2//1 847//1082 845//2
f 846//1083 763//1001 1//4
f 846//1083 1//4 845//2
f 958//1084 847//1082 103//6
f 103//6 847//1082 2//1
f 849//7 850//1085 848//636
f 851//1086 1343//1087 850//1085
f 850//1085 1343//1087 848//636
f 5//12 853//1088 849//7
f 7//14 853//1088 5//12
f 853//1088 850//1085 849//7
f 856//1089 851//1086 855//1090
f 851//1086 854//1091 855//1090
f 850//1085 854//1091 851//1086
f 850//1085 853//1088 854//1091
f 11//17 10//21 852//1092
f 852//1092 853//1088 7//14
f 11//17 852//1092 7//14
f 857//1093 1338//1094 856//1089
f 856//1089 867//1095 857//1093
f 856//1089 855//1090 858//1096
f 856//1089 858//1096 867//1095
f 860//1097 857//1093 867//1095
f 855//1090 854//1091 858//1096
f 854//1091 853//1088 862//1098
f 862//1098 853//1088 852//1092
f 864//1099 852//1092 10//21
f 852//1092 864//1099 862//1098
f 861//1100 858//1096 854//1091
f 861//1100 867//1095 858//1096
f 859//1101 857//1093 860//1097
f 859//1101 860//1097 1360//1102
f 1360//1102 860//1097 868//1103
f 854//1091 862//1098 861//1100
f 862//1098 864//1099 872//1104
f 864//1099 10//21 863//1105
f 1641//1010 863//1105 10//21
f 862//1098 865//1106 861//1100
f 861//1100 866//1107 867//1095
f 867//1095 868//1103 860//1097
f 868//1108 869//1108 1293//1108
f 868//1109 1293//1109 1360//1109
f 868//1110 870//1110 869//1110
f 870//1111 868//1111 867//1111
f 870//1112 867//1112 871//1112
f 871//1113 867//1095 866//1107
f 866//1107 861//1100 865//1106
f 862//1098 872//1104 865//1106
f 864//1099 863//1105 872//1104
f 873//1114 874//1115 866//1116
f 873//1117 866//1107 865//1106
f 874//1118 875//1119 871//1120
f 866//1116 874//1115 871//1121
f 875//1119 870//1122 871//1120
f 870//1123 876//1124 869//1125
f 876//1126 870//1127 877//1128
f 877//1128 870//1127 875//1129
f 874//1130 878//1130 875//1130
f 878//1131 874//1115 873//1114
f 873//1117 865//1106 880//1132
f 872//1104 863//1105 885//1133
f 863//1105 884//1134 885//1133
f 885//1133 879//1135 872//1104
f 872//1104 879//1135 883//1136
f 883//1136 865//1106 872//1104
f 883//1136 880//1132 865//1106
f 880//1132 881//1137 873//1117
f 881//1138 875//1129 878//1139
f 881//1140 878//1131 873//1114
f 875//1129 881//1138 891//1141
f 881//1142 880//1132 883//1136
f 887//1143 885//1133 884//1134
f 887//1143 884//1134 1583//1144
f 883//1136 886//1145 881//1138
f 886//1145 891//1141 881//1138
f 891//1141 886//1145 890//1146
f 886//1145 883//1136 879//1135
f 888//1147 885//1133 887//1143
f 889//1148 885//1133 888//1147
f 888//1147 887//1143 1585//1149
f 885//1133 889//1148 879//1135
f 882//1150 891//1141 897//1151
f 886//1145 879//1135 890//1146
f 890//1146 879//1135 889//1148
f 889//1148 888//1147 893//1152
f 892//1153 894//1154 888//1147
f 888//1147 894//1154 893//1152
f 890//1146 889//1148 893//1152
f 890//1146 897//1151 891//1141
f 900//1155 898//1156 882//1150
f 900//1155 882//1150 897//1151
f 894//1154 895//1157 893//1152
f 895//1157 896//1158 893//1152
f 896//1158 890//1146 893//1152
f 890//1146 896//1158 897//1151
f 899//1159 900//1155 897//1151
f 900//1155 899//1159 903//1160
f 899//1159 897//1151 896//1158
f 906//1161 896//1158 895//1157
f 895//1157 894//1154 902//1162
f 901//1163 896//1158 904//1164
f 901//1163 899//1159 896//1158
f 903//1160 899//1159 904//1164
f 904//1164 899//1159 901//1163
f 904//1164 896//1158 905//1165
f 896//1158 906//1161 905//1165
f 906//1161 895//1157 902//1162
f 904//1164 905//1165 907//1166
f 907//1166 908//1167 904//1164
f 903//1160 904//1164 908//1167
f 908//1167 909//1168 903//1160
f 1276//1169 903//1160 909//1168
f 905//1165 906//1161 912//1170
f 906//1161 1633//1171 912//1170
f 912//1170 911//1172 905//1165
f 907//1166 914//1173 908//1167
f 908//1167 914//1173 910//1174
f 908//1167 910//1174 909//1168
f 1280//1175 909//1168 1362//1176
f 910//1174 1362//1176 909//1168
f 915//1177 910//1174 914//1173
f 907//1166 905//1165 911//1172
f 911//1172 913//1178 907//1166
f 920//1179 914//1173 907//1166
f 910//1174 915//1177 1362//1176
f 911//1172 912//1170 1634//1180
f 907//1166 913//1178 920//1179
f 914//1173 920//1179 917//1181
f 1363//1182 1362//1176 915//1177
f 914//1173 917//1181 915//1177
f 911//1172 916//1183 913//1178
f 920//1179 919//1184 917//1181
f 915//1177 922//1185 1363//1182
f 1363//1182 922//1185 918//1186
f 915//1177 917//1181 922//1185
f 923//1187 917//1181 919//1184
f 920//1179 913//1178 1631//1188
f 920//1179 1631//1188 919//1184
f 921//1189 922//1185 917//1181
f 917//1181 923//1187 921//1189
f 924//1190 923//1187 919//1184
f 1631//1188 924//1190 919//1184
f 921//1189 923//1187 925//1191
f 926//1192 927//1193 924//1190
f 927//1193 923//1187 924//1190
f 927//1193 925//1191 923//1187
f 921//1189 925//1191 1098//1194
f 1098//1194 925//1191 1099//1195
f 930//1196 925//1191 927//1193
f 930//1196 927//1193 926//1192
f 930//1196 926//1192 929//1197
f 928//1198 926//1192 924//1190
f 926//1192 928//1198 931//1199
f 925//1191 930//1196 1133//1200
f 932//1201 929//1197 934//1202
f 934//1202 929//1197 926//1192
f 926//1192 931//1199 934//1202
f 932//1201 936//1203 929//1197
f 930//1196 929//1197 933//1204
f 933//1204 1133//1200 930//1196
f 935//1205 934//1202 931//1199
f 935//1205 938//1206 934//1202
f 934//1202 938//1206 932//1201
f 937//1207 936//1203 932//1201
f 938//1206 940//1208 937//1207
f 932//1201 938//1206 937//1207
f 936//1203 933//1204 929//1197
f 937//1207 940//1208 944//1209
f 944//1209 940//1208 942//1210
f 1611//1211 939//1212 935//1205
f 947//1213 942//1210 943//1214
f 940//1208 938//1206 941//1215
f 941//1215 945//1216 940//1208
f 940//1208 945//1216 942//1210
f 947//1213 944//1209 942//1210
f 1130//1217 937//1207 944//1209
f 1130//1217 944//1209 947//1213
f 943//1214 942//1210 945//1216
f 947//1213 949//1218 946//1219
f 946//1219 949//1218 950//1220
f 947//1213 943//1214 949//1218
f 943//1214 945//1216 948//1221
f 1638//1222 943//1214 948//1221
f 1129//1223 946//1219 950//1220
f 1128//1224 950//1220 955//1225
f 949//1218 943//1214 952//1226
f 952//1226 943//1214 1638//1222
f 951//1227 950//1220 949//1218
f 951//1227 955//1225 950//1220
f 955//1225 956//1228 1128//1224
f 949//1218 952//1226 951//1227
f 952//1226 953//1229 951//1227
f 951//1227 954//1230 955//1225
f 955//1225 957//1231 956//1228
f 955//1225 954//1230 957//1231
f 956//1228 958//1084 960//1232
f 956//1228 847//1082 958//1084
f 956//1228 957//1231 847//1082
f 954//1230 951//1227 846//1083
f 954//1230 846//1083 957//1231
f 846//1083 845//2 957//1231
f 957//1231 845//2 847//1082
f 106//128 958//1084 103//6
f 959//1233 958//1084 106//128
f 958//1084 959//1233 960//1232
f 960//1232 959//1233 1126//1234
f 961//1235 959//1233 106//128
f 109//130 961//1235 106//128
f 963//1236 961//1235 109//130
f 961//1235 962//1237 959//1233
f 1126//1234 959//1233 967//1238
f 967//1238 959//1233 962//1237
f 963//1236 965//1239 961//1235
f 961//1235 965//1239 962//1237
f 109//130 108//132 963//1236
f 963//1236 108//132 964//136
f 966//1240 962//1237 965//1239
f 969//1241 962//1237 966//1240
f 964//136 968//1242 963//1236
f 973//1243 963//1236 968//1242
f 965//1239 963//1236 973//1243
f 962//1237 970//1244 967//1238
f 962//1237 969//1241 970//1244
f 970//1244 969//1241 1124//1245
f 966//1240 971//1246 969//1241
f 966//1240 972//1247 971//1246
f 973//1243 972//1247 965//1239
f 965//1239 972//1247 966//1240
f 974//1248 973//1243 1572//1249
f 972//1247 973//1243 974//1248
f 975//1250 971//1246 972//1247
f 1124//1245 969//1241 977//1251
f 969//1241 971//1246 977//1251
f 977//1251 971//1246 976//1252
f 975//1250 976//1252 971//1246
f 972//1247 978//1253 975//1250
f 974//1248 978//1253 972//1247
f 977//1251 976//1252 1125//1254
f 979//1255 975//1250 981//1256
f 979//1255 976//1252 975//1250
f 1125//1254 976//1252 980//1257
f 976//1252 979//1255 980//1257
f 981//1256 975//1250 978//1253
f 978//1253 987//1258 981//1256
f 1576//1259 978//1253 974//1248
f 982//1260 980//1257 979//1255
f 985//1261 981//1256 987//1258
f 979//1255 981//1256 985//1261
f 986//1262 982//1260 979//1255
f 982//1260 990//1263 980//1257
f 990//1263 982//1260 983//1264
f 982//1260 984//1265 983//1264
f 985//1261 986//1262 979//1255
f 985//1261 987//1258 1577//1266
f 994//1267 986//1262 985//1261
f 984//1265 982//1260 986//1262
f 984//1265 989//1268 983//1264
f 990//1263 983//1264 989//1268
f 989//1269 984//1270 992//1271
f 993//1272 991//1273 992//1271
f 993//1272 992//1271 984//1265
f 993//1272 984//1265 986//1262
f 994//1267 993//1272 986//1262
f 988//1274 994//1267 985//1261
f 994//1267 988//1274 1579//1275
f 993//1272 994//1267 995//1276
f 997//1277 991//1273 993//1272
f 997//1277 993//1272 1004//1278
f 996//1279 997//1277 1004//1278
f 1002//1280 989//1269 992//1271
f 989//1281 1002//1282 998//1283
f 998//1283 999//1284 989//1281
f 999//1284 998//1283 1000//1285
f 998//1283 1002//1282 1000//1285
f 1001//1286 1002//1280 992//1271
f 991//1273 1001//1286 992//1271
f 996//1279 1003//1287 997//1277
f 996//1279 1008//1288 1009//1289
f 1004//1278 1008//1288 996//1279
f 995//1276 1008//1288 1004//1278
f 993//1272 995//1276 1004//1278
f 995//1276 1005//1290 1135//1291
f 1006//1292 1008//1288 995//1276
f 1135//1291 1006//1292 995//1276
f 1009//1293 1008//1294 1007//1295
f 1009//1289 1003//1287 996//1279
f 1003//1287 1009//1289 1010//1296
f 991//1273 997//1277 1003//1287
f 1001//1286 991//1273 1011//1297
f 1003//1287 1011//1297 991//1273
f 1007//1298 1013//1299 1012//1300
f 1013//1301 1022//1302 1012//1303
f 1009//1293 1012//1303 1010//1296
f 1007//1295 1012//1303 1009//1293
f 1014//1304 1013//1299 1007//1298
f 1007//1295 1008//1294 1017//1305
f 1017//1306 1014//1306 1007//1306
f 1008//1307 1015//1308 1017//1309
f 1016//1310 1015//1308 1008//1307
f 1006//1292 1016//1310 1008//1288
f 1017//1309 1015//1308 1016//1310
f 1021//1311 1014//1312 1018//1313
f 1020//1314 1014//1314 1017//1314
f 1020//1315 1017//1309 1019//1316
f 1020//1315 1019//1316 1134//1317
f 1018//1318 1014//1319 1020//1320
f 1021//1311 1013//1301 1014//1312
f 1022//1302 1013//1301 1021//1311
f 1024//1321 1022//1322 1025//1323
f 1010//1296 1023//1324 1003//1287
f 1012//1303 1036//1325 1010//1296
f 1024//1321 1035//1326 1022//1322
f 1035//1326 1012//1303 1022//1302
f 1026//1327 1025//1323 1027//1328
f 1022//1322 1027//1328 1025//1323
f 1027//1328 1022//1322 1021//1329
f 1021//1329 1028//1330 1027//1328
f 1028//1330 1021//1329 1030//1331
f 1030//1331 1021//1311 1018//1313
f 1029//1332 1030//1331 1018//1313
f 1029//1333 1018//1318 1020//1320
f 1029//1332 1103//1334 1030//1331
f 999//1284 1028//1330 1106//1335
f 1000//1285 1028//1330 999//1284
f 1000//1285 1027//1328 1028//1330
f 1027//1328 1000//1285 1032//1336
f 1032//1336 1026//1327 1027//1328
f 1026//1327 1032//1336 1031//1337
f 1026//1327 1039//1338 1025//1323
f 1047//1339 1035//1326 1024//1321
f 1032//1336 1001//1286 1031//1337
f 1031//1337 1001//1286 1034//1340
f 1002//1280 1001//1286 1032//1336
f 1000//1285 1002//1282 1032//1336
f 1034//1341 1001//1286 1033//1342
f 1040//1343 1034//1341 1033//1342
f 1046//1344 1026//1327 1031//1337
f 1037//1345 1035//1326 1047//1339
f 1035//1326 1036//1325 1012//1303
f 1036//1325 1035//1326 1038//1346
f 1035//1326 1037//1345 1038//1346
f 1039//1338 1047//1339 1024//1321
f 1025//1323 1039//1338 1024//1321
f 1034//1340 1045//1347 1031//1337
f 1040//1348 1045//1347 1034//1340
f 1041//1349 1042//1350 1040//1351
f 1033//1342 1041//1352 1040//1343
f 1043//1353 1042//1354 1041//1352
f 1044//1355 1042//1354 1043//1353
f 1044//1356 1043//1353 1023//1324
f 1058//1357 1042//1358 1044//1359
f 1046//1344 1031//1337 1045//1347
f 1039//1338 1026//1327 1046//1344
f 1038//1346 1037//1345 1048//1360
f 1048//1360 1037//1345 1050//1361
f 1049//1362 1038//1363 1048//1360
f 1047//1339 1052//1364 1051//1365
f 1037//1345 1047//1339 1051//1365
f 1037//1366 1051//1367 1050//1361
f 1046//1368 1047//1339 1039//1338
f 1046//1344 1052//1369 1047//1370
f 1046//1344 1053//1371 1052//1369
f 1040//1348 1570//1372 1045//1347
f 1054//1373 1058//1357 1044//1374
f 1038//1346 1059//1375 1044//1376
f 1044//1374 1059//1377 1054//1373
f 1038//1346 1044//1376 1023//1324
f 1059//1377 1038//1363 1049//1362
f 1049//1362 1055//1378 1060//1379
f 1055//1378 1049//1362 1048//1360
f 1048//1360 1056//1380 1055//1378
f 1050//1361 1051//1367 1057//1381
f 1048//1360 1050//1361 1057//1381
f 1052//1369 1053//1371 1571//1382
f 1051//1367 1052//1369 1571//1382
f 1046//1344 1045//1347 1570//1372
f 1040//1351 1042//1350 1565//1383
f 1040//1348 1565//1384 1570//1372
f 1565//1385 1042//1358 1058//1357
f 1058//1357 1054//1373 1562//1386
f 1049//1362 1060//1379 1059//1377
f 1067//1387 1060//1379 1055//1378
f 1056//1380 1066//1388 1055//1378
f 1063//1389 1056//1380 1061//1390
f 1056//1380 1064//1391 1066//1388
f 1048//1360 1061//1390 1056//1380
f 1057//1381 1061//1390 1048//1360
f 1071//1392 1057//1381 1062//1393
f 1057//1381 1051//1367 1062//1394
f 1064//1391 1056//1380 1063//1389
f 1066//1388 1064//1391 1065//1395
f 1067//1387 1055//1378 1066//1388
f 1066//1388 1068//1396 1067//1387
f 1068//1396 1140//1397 1067//1387
f 1065//1395 1068//1396 1066//1388
f 1069//1398 1063//1389 1061//1390
f 1057//1381 1069//1398 1061//1390
f 1057//1381 1070//1399 1069//1398
f 1074//1400 1063//1389 1075//1401
f 1074//1400 1064//1391 1063//1389
f 1065//1395 1064//1391 1073//1402
f 1072//1403 1068//1396 1065//1395
f 1072//1403 1137//1404 1068//1396
f 1065//1395 1073//1402 1072//1403
f 1064//1391 1074//1400 1073//1402
f 1078//1405 1073//1402 1074//1400
f 1069//1398 1075//1401 1063//1389
f 1070//1399 1077//1406 1069//1398
f 1076//1407 1070//1399 1258//1408
f 1077//1406 1070//1399 1076//1407
f 1075//1401 1069//1398 1077//1406
f 1072//1403 1079//1409 1137//1404
f 1079//1409 1006//1292 1137//1404
f 1081//1410 1080//1411 1078//1405
f 1074//1400 1083//1412 1082//1413
f 1074//1400 1082//1413 1078//1405
f 1083//1412 1074//1400 1075//1401
f 1077//1406 1083//1412 1075//1401
f 1085//1414 1077//1406 1076//1407
f 1077//1406 1085//1414 1083//1412
f 1081//1410 1078//1405 1082//1413
f 1086//1415 1078//1405 1080//1411
f 1073//1402 1078//1405 1086//1415
f 1072//1403 1073//1402 1084//1416
f 1019//1316 1079//1409 1072//1403
f 1072//1403 1084//1416 1019//1316
f 1080//1411 1081//1410 1087//1417
f 1087//1417 1081//1410 1091//1418
f 1080//1411 1087//1417 1089//1419
f 1090//1420 1086//1415 1080//1411
f 1073//1402 1086//1415 1084//1416
f 1086//1415 1134//1317 1084//1416
f 1089//1419 1090//1420 1080//1411
f 1087//1417 1092//1421 1089//1419
f 1088//1422 1091//1418 1081//1410
f 1082//1413 1088//1422 1081//1410
f 1273//1423 1082//1413 1083//1412
f 1273//1423 1083//1412 1085//1414
f 1082//1413 1272//1424 1088//1422
f 1275//1425 1088//1422 1272//1424
f 1091//1418 1088//1422 1094//1426
f 1092//1421 1087//1417 1091//1418
f 1089//1419 1092//1421 1093//1427
f 918//1186 1093//1427 1092//1421
f 1091//1418 1095//1428 1092//1421
f 1094//1426 1275//1425 1096//1429
f 1095//1428 1091//1418 1094//1426
f 1096//1429 1095//1428 1094//1426
f 1095//1428 918//1186 1092//1421
f 1097//1430 1093//1427 918//1186
f 1097//1430 918//1186 922//1185
f 1097//1430 922//1185 921//1189
f 921//1189 1098//1194 1097//1430
f 1097//1430 1098//1194 1100//1431
f 1133//1200 1099//1195 925//1191
f 1100//1431 1098//1194 1099//1195
f 1101//1432 1100//1431 1099//1195
f 1102//1433 1093//1427 1097//1430
f 1102//1433 1097//1430 1100//1431
f 1089//1419 1093//1427 1102//1433
f 1133//1200 1101//1432 1099//1195
f 1086//1415 1090//1420 1102//1433
f 1090//1420 1089//1419 1102//1433
f 1104//1434 1086//1415 1102//1433
f 1104//1434 1102//1433 1100//1431
f 1133//1200 1107//1435 1101//1432
f 1101//1432 1107//1435 1105//1436
f 1103//1334 1100//1431 1101//1432
f 1104//1434 1100//1431 1103//1334
f 1029//1333 1020//1320 1104//1434
f 1104//1434 1020//1315 1134//1317
f 1104//1434 1103//1334 1029//1333
f 1105//1436 1103//1334 1101//1432
f 1103//1334 1105//1436 1108//1437
f 1106//1335 1103//1334 1108//1437
f 1110//1438 1108//1437 1105//1436
f 1105//1436 1111//1439 1110//1438
f 1111//1439 1105//1436 1107//1435
f 1109//1440 1106//1335 1108//1437
f 1117//1441 1110//1438 1111//1439
f 1107//1435 1112//1442 1111//1439
f 1113//1443 1117//1441 1111//1439
f 1114//1444 1117//1441 1113//1443
f 1115//1445 1110//1438 1117//1441
f 1108//1437 1110//1438 1109//1440
f 1110//1438 1115//1445 1109//1440
f 1114//1444 1113//1443 1116//1446
f 1131//1447 1116//1446 1113//1443
f 990//1263 1109//1440 1115//1445
f 1117//1441 1120//1448 1115//1445
f 1118//1449 1116//1446 1119//1450
f 1116//1446 1131//1447 1119//1450
f 1123//1451 1116//1446 1118//1449
f 1123//1451 1114//1444 1116//1446
f 1120//1448 1117//1441 1114//1444
f 1120//1448 1125//1254 980//1257
f 1121//1452 1123//1451 1118//1449
f 1129//1223 1118//1449 1119//1450
f 1118//1449 1129//1223 1122//1453
f 1122//1453 1121//1452 1118//1449
f 1120//1448 1114//1444 1123//1451
f 1125//1254 1120//1448 1123//1451
f 1124//1245 1125//1254 1123//1451
f 1121//1452 1124//1245 1123//1451
f 1129//1223 1128//1224 1127//1454
f 1127//1454 1122//1453 1129//1223
f 1122//1453 967//1238 1121//1452
f 1121//1452 967//1238 970//1244
f 1124//1245 1121//1452 970//1244
f 1124//1245 977//1251 1125//1254
f 1120//1448 980//1257 990//1263
f 1120//1448 990//1263 1115//1445
f 1109//1440 999//1284 1106//1335
f 999//1284 1109//1440 989//1281
f 989//1268 1109//1440 990//1263
f 1103//1334 1106//1335 1030//1331
f 1030//1331 1106//1335 1028//1330
f 1122//1453 1126//1234 967//1238
f 1126//1234 1122//1453 1127//1454
f 1127//1454 1128//1224 956//1228
f 1128//1224 1129//1223 950//1220
f 946//1219 1129//1223 1119//1450
f 947//1213 946//1219 1119//1450
f 1119//1450 1130//1217 947//1213
f 1119//1450 1131//1447 1130//1217
f 937//1207 1131//1447 1132//1455
f 1130//1217 1131//1447 937//1207
f 1132//1455 1112//1442 937//1207
f 1113//1443 1132//1455 1131//1447
f 1132//1455 1113//1443 1112//1442
f 937//1207 1112//1442 936//1203
f 933//1204 936//1203 1112//1442
f 1113//1443 1111//1439 1112//1442
f 1112//1442 1107//1435 933//1204
f 933//1204 1107//1435 1133//1200
f 1127//1454 956//1228 960//1232
f 960//1232 1126//1234 1127//1454
f 1084//1416 1134//1317 1019//1316
f 1134//1317 1086//1415 1104//1434
f 1079//1409 1019//1316 1016//1310
f 1016//1310 1019//1316 1017//1309
f 1006//1292 1079//1409 1016//1310
f 1006//1292 1135//1291 1136//1456
f 1137//1404 1006//1292 1136//1456
f 1138//1457 1137//1404 1136//1456
f 1138//1457 1136//1456 1135//1291
f 1142//1458 1143//1459 1005//1290
f 1135//1291 1005//1290 1143//1459
f 1141//1460 1138//1457 1135//1291
f 1138//1457 1139//1461 1140//1397
f 1137//1404 1138//1457 1140//1397
f 1140//1397 1068//1396 1137//1404
f 1139//1461 1138//1457 1141//1460
f 1141//1460 1135//1291 1143//1459
f 1152//1462 1143//1459 1142//1458
f 1579//1275 1152//1462 1142//1458
f 1149//1463 1147//1464 1139//1461
f 1140//1397 1139//1461 1144//1465
f 1144//1465 1067//1387 1140//1397
f 1145//1466 1146//1467 1144//1465
f 1147//1464 1144//1465 1139//1461
f 1147//1464 1149//1463 1148//1468
f 1149//1463 1139//1461 1141//1460
f 1154//1469 1141//1460 1143//1459
f 1154//1469 1143//1459 1152//1462
f 1152//1462 1153//1470 1154//1469
f 1151//1471 1149//1463 1141//1460
f 1154//1469 1151//1471 1141//1460
f 1149//1463 1151//1471 1148//1468
f 1147//1464 1148//1468 1396//1472
f 1145//1466 1144//1465 1150//1473
f 1150//1473 1144//1465 1147//1464
f 1396//1472 1150//1473 1147//1464
f 1148//1468 1155//1474 1396//1472
f 1155//1474 1148//1468 1156//1475
f 1156//1475 1148//1468 1151//1471
f 1153//1470 1152//1462 1157//1476
f 1151//1471 1154//1469 1158//1477
f 1156//1475 1160//1478 1155//1474
f 1155//1474 1160//1478 1159//1479
f 1158//1477 1156//1475 1151//1471
f 1153//1470 1162//1480 1154//1469
f 1159//1479 1405//1481 1155//1474
f 1156//1475 1158//1477 1161//1482
f 1156//1475 1161//1482 1160//1478
f 1158//1477 1154//1469 1162//1480
f 1153//1470 1157//1476 1162//1480
f 1157//1476 1165//1483 1162//1480
f 1166//1484 1163//1485 1158//1477
f 1158//1477 1163//1485 1161//1482
f 1164//1486 1160//1478 1161//1482
f 1163//1485 1164//1486 1161//1482
f 1160//1478 1164//1486 1159//1479
f 1164//1486 1555//1487 1159//1479
f 1169//1488 1164//1486 1163//1485
f 1158//1477 1162//1480 1166//1484
f 1157//1476 1574//1489 1165//1483
f 1166//1484 1167//1490 1163//1485
f 1167//1490 1169//1488 1163//1485
f 1168//1491 1164//1486 1169//1488
f 1164//1486 1168//1491 1555//1487
f 1169//1488 1170//1492 1168//1491
f 1170//1492 1169//1488 322//387
f 1162//1480 1165//1483 1166//1484
f 1166//1484 1165//1483 1167//1490
f 318//388 1169//1488 1167//1490
f 1169//1488 317//386 322//387
f 1436//1493 1170//1492 322//387
f 1436//1493 322//387 323//391
f 1169//1488 318//388 317//386
f 1165//1483 1171//1000 320//389
f 1165//1483 321//385 1167//1490
f 321//385 318//388 1167//1490
f 325//393 1436//1493 323//391
f 1448//1494 325//393 1172//1495
f 313//381 318//388 321//385
f 321//385 1165//1483 320//389
f 327//394 328//1496 325//393
f 328//1496 1172//1495 325//393
f 1172//1495 328//1496 1461//1497
f 330//399 329//398 1174//1498
f 336//407 335//409 334//413
f 332//405 333//411 1173//1499
f 332//405 1173//1499 329//403
f 330//399 1174//1498 1175//1500
f 1180//1501 340//414 1175//1500
f 1175//1500 340//414 330//399
f 1175//1500 1181//1502 1180//1501
f 1181//1502 1175//1500 1176//1503
f 1175//1504 1174//1504 1176//1504
f 1174//1505 1173//1505 1176//1505
f 333//411 334//413 1173//1499
f 334//413 335//1506 1177//1507
f 343//408 1178//1508 335//409
f 346//423 1178//1508 343//408
f 345//425 1178//1508 346//423
f 1186//1509 1178//1508 345//425
f 1178//1508 1177//1507 335//409
f 1179//1510 334//413 1177//1507
f 1178//1508 1185//1511 1177//1507
f 334//413 1179//1510 1173//1499
f 1173//1499 1179//1510 1176//1512
f 1179//1510 1182//1513 1176//1514
f 1182//1515 1183//1516 1180//1501
f 1182//1515 1180//1501 1181//1517
f 1176//1514 1182//1513 1181//1518
f 1179//1510 1184//1519 1188//1520
f 1179//1510 1177//1507 1184//1519
f 1177//1507 1185//1511 1184//1519
f 1184//1519 1185//1511 1187//1521
f 1178//1508 1186//1509 1185//1511
f 1186//1509 345//425 1358//1522
f 1358//1522 345//425 355//1081
f 1187//1521 1185//1511 1186//1509
f 1187//1521 1188//1520 1184//1519
f 1179//1510 1188//1520 1182//1513
f 1188//1523 1183//1516 1182//1515
f 1183//1516 1189//1524 1195//1525
f 1195//1525 1540//1526 1190//1527
f 1195//1525 1190//1527 1183//1516
f 1191//1528 1183//1516 1192//1529
f 1192//1530 1183//1530 1188//1530
f 1351//1531 1188//1520 1187//1521
f 1351//1531 1187//1521 1186//1509
f 1192//1529 1188//1520 1193//1532
f 1193//1532 1188//1520 1351//1531
f 1191//1528 1192//1529 1193//1532
f 1193//1532 1197//1533 1191//1534
f 1197//1533 1189//1524 1191//1534
f 1191//1528 1189//1524 1183//1516
f 1189//1524 1196//1535 1194//1536
f 1200//1537 1189//1524 1194//1536
f 1541//1538 1195//1525 1189//1524
f 1189//1524 1200//1537 1541//1538
f 1196//1535 1189//1524 1197//1533
f 1351//1531 1352//1539 1193//1532
f 1350//1540 1352//1539 1351//1541
f 1198//1542 1196//1535 1197//1533
f 1196//1535 1198//1542 1194//1536
f 1198//1542 1199//1543 1194//1536
f 1547//1544 1194//1536 1199//1543
f 1200//1537 1542//1545 1541//1538
f 1194//1536 1547//1544 1200//1537
f 1199//1543 1549//1546 1547//1544
f 1201//1547 1549//1546 1199//1543
f 1201//1547 1199//1543 1202//1548
f 1203//1549 1198//1542 1197//1533
f 1198//1542 1203//1549 1206//1550
f 1199//1543 1198//1542 1202//1548
f 1204//1551 1201//1547 1208//1552
f 1209//1553 1211//1554 1204//1551
f 1208//1552 1201//1547 1202//1548
f 1208//1552 1202//1548 1206//1550
f 1202//1548 1198//1542 1206//1550
f 1332//1555 1206//1550 1203//1549
f 1206//1550 1207//1556 1208//1552
f 1208//1552 1209//1553 1204//1551
f 1209//1557 1210//1558 1215//1559
f 1209//1553 1215//1559 1211//1554
f 1204//1551 1211//1554 1212//1560
f 1213//1561 1204//1551 1212//1560
f 1201//1547 1204//1562 1213//1561
f 1549//1546 1201//1547 1213//1561
f 1211//1554 1214//1563 1212//1560
f 1211//1554 1215//1559 1214//1563
f 1215//1559 1210//1558 1218//1564
f 1209//1553 1208//1552 1207//1556
f 1207//1556 1210//1565 1209//1553
f 1210//1566 1207//1567 1216//1568
f 1210//1569 1216//1570 1218//1564
f 1207//1556 1206//1550 1332//1555
f 1217//1571 1216//1568 1207//1567
f 1207//1556 1332//1555 1217//1571
f 1223//1572 1222//1573 1216//1570
f 1216//1570 1222//1573 1218//1564
f 1218//1564 1219//1574 1215//1559
f 1219//1574 1214//1563 1215//1559
f 1220//1575 1212//1560 1214//1563
f 1214//1563 1219//1574 1221//1576
f 1219//1574 1222//1573 1227//1577
f 1219//1574 1218//1564 1222//1573
f 1223//1572 1216//1568 1217//1571
f 1217//1571 1224//1578 1223//1572
f 1219//1574 1227//1577 1225//1579
f 1225//1579 1221//1576 1219//1574
f 1229//1580 1230//1581 1221//1576
f 1226//1582 1229//1580 1221//1576
f 1226//1582 1221//1576 1225//1579
f 1228//1583 1227//1577 1222//1573
f 1222//1573 1223//1572 1228//1583
f 1228//1583 1223//1572 1224//1578
f 1227//1577 1226//1582 1225//1579
f 1226//1582 1227//1577 1233//1584
f 1233//1584 1227//1577 1228//1583
f 1233//1584 1228//1583 1232//1585
f 1234//1586 1228//1583 1302//1587
f 1234//1586 1232//1585 1228//1583
f 1231//1588 1233//1584 1232//1585
f 1231//1588 1232//1585 1235//1589
f 1236//1590 1231//1588 1235//1589
f 1237//1591 1231//1591 1236//1591
f 1233//1584 1231//1588 1237//1592
f 1237//1593 1226//1582 1233//1584
f 1229//1580 1226//1582 1237//1593
f 1230//1581 1229//1580 1239//1594
f 1239//1595 1245//1596 1238//1597
f 1239//1598 1238//1598 1230//1598
f 1237//1599 1239//1594 1229//1580
f 1237//1600 1244//1601 1239//1602
f 1235//1589 1240//1603 1236//1604
f 1241//1605 1235//1589 1232//1585
f 1232//1585 1297//1606 1241//1605
f 1241//1605 1242//1607 1235//1589
f 1240//1603 1235//1589 1242//1607
f 1244//1601 1236//1608 1240//1603
f 1244//1601 1240//1603 1243//1609
f 1237//1600 1236//1608 1244//1601
f 1245//1596 1239//1595 1244//1610
f 1247//1611 1245//1596 1244//1610
f 1245//1596 1251//1612 1238//1597
f 1247//1611 1244//1610 1243//1609
f 1243//1609 1246//1613 1247//1611
f 1250//1614 1246//1613 1243//1609
f 1242//1607 1243//1609 1240//1603
f 1248//1615 1243//1609 1242//1607
f 1242//1607 1241//1605 1249//1616
f 1249//1616 1250//1614 1248//1615
f 1249//1616 1248//1615 1242//1607
f 1250//1614 1243//1609 1248//1615
f 1246//1613 1250//1614 1256//1617
f 1253//1618 1246//1613 1254//1619
f 1247//1611 1246//1613 1253//1618
f 1251//1612 1245//1596 1247//1611
f 1259//1620 1252//1621 1251//1612
f 1251//1612 1252//1622 1238//1597
f 1253//1618 1259//1620 1251//1612
f 1247//1611 1253//1618 1251//1612
f 1255//1623 1254//1619 1246//1613
f 1255//1623 1246//1613 1256//1617
f 1250//1614 1262//1624 1256//1617
f 1290//1625 1262//1624 1250//1614
f 1257//1626 1255//1623 1256//1617
f 1257//1626 1256//1617 1263//1627
f 1258//1628 1254//1619 1255//1623
f 1261//1629 1259//1620 1253//1618
f 1261//1629 1253//1618 1254//1619
f 1259//1620 1260//1630 1252//1622
f 1252//1622 1260//1630 1370//1631
f 1260//1630 1259//1620 1261//1629
f 1364//1632 1261//1633 1258//1408
f 1258//1628 1261//1629 1254//1619
f 1257//1626 1258//1408 1255//1623
f 1256//1617 1262//1624 1263//1627
f 1364//1632 1258//1408 1071//1392
f 1070//1399 1071//1392 1258//1408
f 1257//1626 1076//1407 1258//1408
f 1265//1634 1076//1407 1257//1626
f 1257//1626 1263//1627 1265//1634
f 1263//1627 1264//1635 1267//1636
f 1267//1636 1264//1635 1268//1637
f 1265//1634 1263//1627 1267//1636
f 1085//1414 1076//1407 1265//1634
f 1266//1638 1085//1414 1267//1636
f 1267//1636 1085//1414 1265//1634
f 1268//1637 1266//1638 1267//1636
f 1264//1635 1263//1627 1269//1639
f 1270//1640 1264//1641 1269//1639
f 1268//1637 1264//1635 1271//1642
f 1266//1638 1268//1637 1271//1642
f 1273//1423 1266//1638 1271//1643
f 1085//1414 1266//1638 1273//1423
f 1273//1423 1272//1424 1082//1413
f 1271//1643 1272//1424 1273//1423
f 1275//1425 1272//1424 1271//1644
f 1264//1645 1275//1425 1271//1644
f 1270//1640 1275//1425 1264//1641
f 1277//1646 1269//1639 1289//1647
f 1269//1639 1277//1646 1276//1169
f 1269//1639 1276//1169 1280//1175
f 1270//1640 1269//1639 1280//1175
f 1280//1175 1274//1648 1270//1640
f 1281//1649 1275//1425 1274//1648
f 1275//1425 1270//1640 1274//1648
f 1275//1425 1094//1426 1088//1422
f 1096//1429 1275//1425 1281//1649
f 1279//1650 1277//1646 1278//1651
f 1278//1651 898//1156 1279//1650
f 1277//1646 903//1160 1276//1169
f 1280//1175 1281//1649 1274//1648
f 1281//1649 1280//1175 1362//1176
f 1280//1175 1276//1169 909//1168
f 900//1155 903//1160 1279//1650
f 903//1160 1277//1646 1279//1650
f 877//1128 898//1156 1278//1651
f 1279//1650 898//1156 900//1155
f 898//1156 877//1128 882//1150
f 1278//1651 1283//1652 1282//1653
f 1278//1651 1282//1653 877//1128
f 1282//1653 1283//1652 1284//1654
f 1284//1654 1286//1655 1282//1653
f 891//1141 882//1150 875//1129
f 882//1150 877//1128 875//1129
f 877//1128 1282//1653 876//1126
f 1288//1656 1284//1654 1283//1652
f 1285//1657 1284//1654 1288//1656
f 1286//1655 876//1124 1282//1653
f 869//1658 1286//1655 1284//1654
f 869//1659 1284//1654 1292//1660
f 876//1124 1286//1655 869//1125
f 1284//1654 1285//1657 1292//1660
f 1287//1661 1290//1625 1285//1657
f 1287//1661 1285//1657 1288//1656
f 1289//1647 1288//1656 1283//1652
f 1288//1656 1289//1647 1262//1624
f 1294//1662 1295//1663 1290//1625
f 1295//1663 1291//1664 1290//1625
f 1291//1664 1285//1657 1290//1625
f 1285//1657 1291//1664 1292//1660
f 1311//1665 1292//1660 1291//1664
f 869//1659 1292//1660 1293//1666
f 1295//1663 1294//1662 1296//1667
f 1287//1661 1262//1624 1290//1625
f 1262//1624 1287//1661 1288//1656
f 1263//1627 1262//1624 1289//1647
f 1269//1639 1263//1627 1289//1647
f 1278//1651 1277//1646 1283//1652
f 1283//1652 1277//1646 1289//1647
f 1294//1662 1290//1625 1250//1614
f 1296//1667 1301//1668 1295//1663
f 1241//1605 1297//1606 1296//1667
f 1294//1662 1249//1616 1296//1667
f 1249//1616 1241//1605 1296//1667
f 1250//1614 1249//1616 1294//1662
f 1296//1667 1297//1606 1303//1669
f 1310//1670 1295//1663 1298//1671
f 1298//1671 1295//1663 1301//1668
f 1299//1672 1300//1673 1298//1671
f 1301//1668 1299//1672 1298//1671
f 1303//1669 1301//1668 1296//1667
f 1234//1586 1303//1669 1297//1606
f 1234//1586 1302//1587 1303//1669
f 1234//1586 1297//1606 1232//1585
f 1303//1669 1302//1587 1315//1674
f 1301//1668 1303//1669 1323//1675
f 1299//1672 1301//1668 1304//1676
f 1307//1677 1300//1677 1305//1677
f 1300//1678 1299//1678 1305//1678
f 1298//1679 1300//1679 1306//1679
f 1306//1680 1300//1681 1307//1682
f 1309//1683 1310//1670 1298//1671
f 1307//1684 1312//1684 1308//1684
f 1312//1685 1320//1686 1308//1687
f 1306//1680 1307//1682 1309//1688
f 1307//1689 1308//1690 1309//1691
f 1306//1692 1309//1692 1298//1692
f 1307//1693 1313//1694 1312//1695
f 1318//1696 1319//1697 1312//1685
f 1318//1698 1312//1695 1313//1694
f 1313//1694 1307//1693 1305//1699
f 1314//1700 1313//1700 1305//1700
f 1314//1701 1305//1701 1299//1701
f 1299//1672 1304//1676 1314//1702
f 1323//1675 1314//1703 1304//1676
f 1323//1675 1304//1676 1301//1668
f 1315//1674 1323//1675 1303//1669
f 1224//1578 1315//1674 1302//1587
f 1228//1583 1224//1578 1302//1587
f 1315//1674 1224//1578 1217//1571
f 1316//1704 1314//1705 1323//1675
f 1314//1706 1316//1704 1313//1694
f 1313//1694 1316//1704 1317//1707
f 1313//1694 1317//1707 1318//1698
f 1312//1685 1319//1697 1320//1686
f 1321//1708 1320//1686 1319//1697
f 1322//1709 1321//1708 1319//1697
f 1319//1697 1327//1710 1322//1709
f 1318//1696 1327//1711 1319//1697
f 1324//1712 1323//1675 1315//1674
f 1315//1674 1217//1571 1332//1555
f 1315//1674 1332//1713 1324//1712
f 1323//1675 1324//1712 1331//1714
f 1316//1704 1323//1675 1330//1715
f 1325//1716 1316//1704 1330//1715
f 1317//1707 1316//1704 1325//1716
f 1318//1698 1317//1707 1326//1717
f 1329//1718 1321//1708 1322//1709
f 1329//1718 1337//1719 1328//1720
f 1337//1719 1329//1718 1322//1709
f 1327//1710 1337//1719 1322//1709
f 1325//1716 1326//1717 1317//1707
f 1331//1714 1330//1715 1323//1675
f 1324//1712 1333//1721 1331//1714
f 1333//1721 1324//1712 1332//1713
f 1333//1722 1332//1555 1341//1723
f 1330//1715 1331//1714 1334//1724
f 1335//1725 1325//1716 1334//1726
f 1325//1716 1330//1715 1334//1726
f 1339//1727 1326//1717 1325//1716
f 1339//1727 1325//1716 1335//1725
f 1318//1698 1326//1717 1339//1727
f 1336//1728 1328//1720 1337//1719
f 1338//1094 1328//1729 1336//1730
f 1338//1094 851//1086 856//1089
f 1343//1087 851//1086 1338//1094
f 1336//1730 1343//1087 1338//1094
f 1327//1710 1336//1728 1337//1719
f 1342//1731 1327//1711 1318//1696
f 1339//1727 1342//1732 1318//1698
f 1333//1733 1340//1734 1334//1726
f 1333//1721 1334//1735 1331//1714
f 1341//1723 1340//1734 1333//1722
f 1340//1734 1335//1725 1334//1726
f 1346//1736 1336//1737 1327//1711
f 1336//1730 1346//1736 1343//1087
f 848//636 1343//1087 528//635
f 1342//1731 1345//1738 1346//1736
f 1342//1731 1346//1736 1327//1711
f 1344//1739 1345//1738 1342//1731
f 1344//1739 1342//1732 1335//1725
f 1339//1727 1335//1725 1342//1732
f 1340//1734 1344//1739 1335//1725
f 1341//1723 1203//1549 1340//1734
f 1203//1549 1341//1723 1332//1555
f 1344//1739 1340//1734 1203//1549
f 1344//1739 1203//1549 1347//1740
f 1343//1087 1346//1736 1345//1738
f 515//627 528//635 1343//1087
f 1345//1738 520//646 1343//1087
f 1348//1741 1345//1738 1344//1739
f 1344//1739 1347//1740 1348//1741
f 1197//1533 1347//1740 1203//1549
f 1347//1740 1197//1533 1352//1539
f 1348//1741 1347//1740 1352//1539
f 1349//1742 1345//1738 1348//1741
f 520//646 1345//1738 1349//1742
f 522//651 520//646 1349//1742
f 1353//653 1348//1741 1352//1539
f 1353//653 1349//1742 1348//1741
f 1197//1533 1193//1532 1352//1539
f 1352//1539 1350//1540 1354//1743
f 1349//1742 1353//653 522//651
f 1354//1743 1353//653 1352//1539
f 1351//1531 1356//1744 1355//1745
f 1351//1541 1355//1746 1350//1540
f 1186//1509 1355//1746 1356//1744
f 1350//1540 1355//1746 1357//657
f 1354//1747 1350//1540 1357//657
f 1354//1748 1357//1080 526//661
f 1357//657 1355//1746 1358//1522
f 525//658 1357//657 1358//1522
f 526//661 1353//1749 1354//1748
f 527//434 525//658 1358//1522
f 1186//1509 1358//1522 1355//1746
f 527//434 1358//1522 355//1081
f 344//424 355//1081 345//425
f 1351//1531 1186//1509 1356//1744
f 1328//1729 1338//1094 857//1093
f 1329//1718 1328//1720 859//1101
f 1328//1729 857//1093 859//1750
f 1321//1708 1329//1718 859//1101
f 1360//1102 1321//1708 859//1101
f 1321//1708 1360//1102 1320//1686
f 1320//1751 1360//1751 1359//1751
f 1320//1686 1359//1752 1308//1687
f 1359//1753 1361//1753 1309//1753
f 1361//1754 1311//1755 1309//1756
f 1311//1757 1310//1670 1309//1758
f 1359//1759 1309//1691 1308//1690
f 1361//1760 1359//1760 1293//1760
f 1361//1754 1293//1761 1311//1755
f 1311//1762 1293//1762 1292//1762
f 1293//1763 1359//1763 1360//1763
f 1310//1670 1311//1757 1295//1663
f 1295//1663 1311//1665 1291//1664
f 1281//1649 1362//1176 1363//1182
f 1363//1182 1095//1428 1096//1429
f 1096//1429 1281//1649 1363//1182
f 1363//1182 918//1186 1095//1428
f 1071//1392 1070//1399 1057//1381
f 1364//1632 1071//1392 1062//1393
f 1364//1632 1062//1764 1365//1765
f 1364//1632 1365//1765 1366//1766
f 1261//1633 1364//1632 1366//1766
f 1261//1767 1366//1767 1367//1767
f 1261//1629 1367//1768 1260//1630
f 1365//1765 1369//1769 1366//1766
f 1365//1765 1062//1764 1372//1770
f 1369//1769 1373//1771 1368//1772
f 1369//1769 1365//1765 1373//1771
f 1366//1773 1369//1769 1367//1768
f 1260//1630 1367//1768 1370//1631
f 1370//1631 1376//1774 1252//1622
f 1369//1769 1370//1631 1367//1768
f 1371//1775 1369//1769 1368//1772
f 1368//1772 1374//1776 1371//1775
f 1365//1765 1372//1770 1373//1771
f 1369//1769 1371//1775 1380//1777
f 1370//1631 1369//1769 1375//1778
f 1376//1774 1370//1631 1375//1778
f 1375//1778 1554//1779 1376//1774
f 1369//1769 1380//1777 1375//1778
f 1377//1780 1371//1775 1374//1776
f 1374//1776 1387//1781 1378//1782
f 1373//1771 1568//1783 1368//1772
f 1374//1776 1368//1772 1384//1784
f 1374//1776 1384//1784 1387//1781
f 1377//1780 1374//1776 1378//1782
f 1380//1777 1371//1775 1377//1780
f 1375//1778 1380//1777 1379//1785
f 1375//1778 1379//1785 1550//1786
f 1548//1787 1380//1777 1377//1780
f 1378//1782 1381//1788 1377//1780
f 1378//1782 1382//1789 1381//1788
f 1386//1790 1383//1791 1382//1792
f 1386//1790 1382//1789 1378//1782
f 1387//1781 1386//1790 1378//1782
f 1385//1793 1384//1784 1568//1794
f 1384//1784 1368//1772 1568//1783
f 1559//1795 1387//1781 1384//1784
f 1386//1790 1387//1781 1394//1796
f 1394//1796 1387//1781 1559//1795
f 1382//1792 1383//1791 1388//1797
f 1388//1797 1383//1791 1390//1798
f 1382//1792 1388//1797 1389//1799
f 1377//1780 1381//1788 1548//1787
f 1548//1787 1381//1788 1545//1800
f 1543//1801 1381//1788 1382//1789
f 1543//1801 1545//1800 1381//1788
f 1389//1799 1543//1801 1382//1789
f 1391//1802 1388//1797 1390//1798
f 1395//1803 1383//1791 1386//1790
f 1395//1803 1386//1790 1394//1796
f 1390//1798 1383//1791 1395//1803
f 1392//1804 1390//1798 1395//1803
f 1390//1798 1392//1804 1399//1805
f 1539//1806 1391//1802 1393//1807
f 1391//1802 1390//1798 1393//1807
f 1389//1799 1388//1797 1391//1802
f 1391//1802 1541//1538 1389//1799
f 1391//1802 1539//1806 1541//1538
f 1390//1798 1399//1805 1393//1807
f 1398//1808 1399//1805 1392//1804
f 1392//1804 1396//1809 1398//1808
f 1392//1804 1395//1803 1396//1472
f 1397//1810 1398//1808 1396//1809
f 1400//1811 1398//1808 1397//1812
f 1399//1805 1398//1808 1400//1811
f 1539//1806 1393//1807 1401//1813
f 1402//1814 1408//1815 1393//1807
f 1393//1807 1408//1815 1401//1813
f 1403//1816 1402//1814 1393//1807
f 1399//1805 1403//1816 1393//1807
f 1404//1817 1403//1816 1399//1805
f 1399//1805 1416//1818 1404//1817
f 1416//1818 1399//1805 1400//1819
f 1405//1481 1416//1818 1400//1819
f 1397//1820 1405//1481 1400//1819
f 1405//1481 1397//1821 1155//1474
f 1406//1822 1404//1817 1416//1818
f 1403//1816 1404//1817 1407//1823
f 1407//1823 1402//1814 1403//1816
f 1408//1815 1402//1814 1409//1824
f 1402//1814 1407//1823 1409//1824
f 1410//1825 1409//1826 1407//1823
f 1411//1827 1407//1823 1404//1817
f 1411//1827 1410//1825 1407//1823
f 1406//1822 1411//1827 1404//1817
f 1406//1822 1419//1828 1412//1829
f 1406//1822 1412//1829 1411//1827
f 1414//1830 1419//1831 1406//1822
f 1416//1818 1415//1832 1414//1830
f 1416//1818 1414//1830 1406//1822
f 1556//1833 1415//1832 1416//1818
f 1416//1818 1405//1481 1159//1479
f 1414//1830 1415//1832 1417//1834
f 1418//1835 1419//1831 1414//1830
f 1412//1829 1419//1828 1428//1836
f 1428//1837 1413//1838 1412//1829
f 1429//1839 1413//1840 1428//1841
f 1429//1839 1428//1841 1423//1842
f 1411//1827 1412//1829 1413//1838
f 1420//1843 1410//1843 1411//1843
f 1420//1844 1411//1827 1413//1838
f 1410//1845 1420//1846 1421//1847
f 1528//1848 1410//1845 1421//1847
f 1534//1849 1421//1850 1420//1851
f 1431//1852 1420//1853 1430//1854
f 1430//1854 1420//1853 1413//1840
f 1429//1839 1430//1854 1413//1840
f 1428//1836 1422//1855 1423//1856
f 1424//1857 1428//1836 1419//1828
f 1419//1831 1418//1835 1424//1858
f 1417//1834 1418//1835 1414//1830
f 1425//1859 1418//1860 1434//1861
f 1418//1860 1417//1862 1434//1861
f 1417//1834 1435//1863 1434//1861
f 1424//1857 1418//1860 1426//1864
f 1427//1865 1424//1857 1426//1864
f 1427//1865 1428//1836 1424//1857
f 1427//1865 1422//1855 1428//1836
f 1429//1839 1423//1842 1439//1866
f 1439//1867 1423//1856 1422//1855
f 1533//1868 1431//1869 1442//1870
f 1442//1870 1431//1869 1432//1871
f 1431//1869 1441//1872 1432//1871
f 1441//1873 1431//1852 1430//1854
f 1429//1839 1441//1874 1430//1854
f 1439//1875 1440//1876 1429//1877
f 1422//1855 1433//1878 1439//1867
f 1433//1879 1422//1880 1427//1865
f 1433//1879 1427//1865 1426//1864
f 1418//1860 1425//1859 1426//1864
f 1417//1834 1415//1832 1435//1863
f 1435//1863 1415//1832 1556//1833
f 1436//1493 1435//1881 1437//1882
f 1434//1861 1435//1863 1448//1494
f 1435//1863 1436//1493 1448//1494
f 1449//1883 1425//1859 1434//1861
f 1449//1883 1434//1861 1448//1494
f 1447//1884 1425//1859 1449//1883
f 1426//1864 1425//1859 1447//1884
f 1438//1885 1433//1886 1426//1887
f 1439//1888 1433//1886 1438//1885
f 1446//1889 1440//1876 1439//1875
f 1441//1890 1429//1891 1440//1876
f 1453//1892 1441//1890 1440//1876
f 1441//1872 1443//1893 1432//1871
f 1432//1894 1443//1895 1444//1896
f 1444//1896 1445//1897 1442//1870
f 1444//1896 1442//1870 1432//1871
f 1453//1898 1443//1898 1441//1898
f 1438//1899 1446//1899 1439//1899
f 1438//1900 1451//1901 1446//1889
f 1447//1884 1438//1900 1426//1864
f 1435//1881 1556//1833 1168//1491
f 1435//1881 1168//1491 1437//1882
f 1436//1493 1437//1882 1170//1492
f 1450//1902 1449//1883 1448//1494
f 1451//1901 1449//1883 1450//1902
f 1447//1884 1449//1883 1451//1901
f 1438//1900 1447//1884 1451//1901
f 1446//1889 1451//1901 1440//1876
f 1452//1903 1453//1892 1440//1876
f 1443//1904 1453//1905 1452//1906
f 1445//1897 1444//1896 1443//1895
f 1445//1907 1443//1904 1452//1906
f 1452//1903 1454//1908 1445//1909
f 1440//1876 1451//1901 1452//1903
f 1450//1902 1455//1910 1451//1901
f 325//393 1448//1494 1436//1493
f 1455//1910 1450//1902 1461//1497
f 1452//1903 1451//1901 1455//1910
f 1452//1903 1455//1910 1454//1908
f 1454//1908 1459//1911 1445//1912
f 1445//1897 1459//1913 1456//1914
f 1456//1914 1457//1915 1445//1897
f 1457//1916 1456//1917 1458//1918
f 1458//1918 1456//1917 1459//1919
f 1462//1920 1459//1911 1454//1908
f 1462//1920 1455//1910 1461//1497
f 1172//1495 1461//1497 1450//1902
f 1448//1494 1172//1495 1450//1902
f 1454//1908 1455//1910 1462//1920
f 1463//1921 1459//1911 1462//1920
f 1460//1922 1459//1911 1463//1921
f 1463//1921 1464//1923 1460//1924
f 1465//1925 1458//1918 1459//1919
f 1460//1922 1465//1926 1459//1911
f 1458//1927 1465//1928 1466//1929
f 1466//1930 1465//1930 1467//1930
f 1467//1931 1465//1931 1468//1931
f 1468//1932 1465//1932 1460//1932
f 1468//1933 1460//1924 1464//1923
f 1470//856 644//840 1462//1920
f 1470//856 1462//1920 1461//1497
f 1462//1920 644//840 1463//1921
f 1469//1934 1464//1923 1475//847
f 1476//1935 1473//1936 1469//1934
f 1469//1934 1473//1937 1471//1938
f 1469//1934 1471//1938 1464//1923
f 1464//1923 1471//1938 1472//1939
f 1512//1940 1472//1939 1471//1938
f 1472//1939 1468//1933 1464//1923
f 1471//1938 1473//1937 1508//1941
f 1473//1936 1476//1935 1479//1942
f 1473//1937 1479//1943 1474//1944
f 1475//847 1476//1935 1469//1934
f 1475//847 1464//1923 1463//1921
f 644//840 1475//847 1463//1921
f 645//827 644//840 1470//856
f 1476//1935 1475//847 653//841
f 1474//1944 1477//1945 1473//1937
f 1477//1945 1508//1941 1473//1937
f 1477//1945 1474//1944 1479//1943
f 1476//1935 653//841 1479//1942
f 646//828 653//841 1475//847
f 654//849 1479//1942 652//846
f 1478//1946 1479//1943 1480//1947
f 1479//1942 654//849 1480//1948
f 656//855 1480//1948 654//849
f 1470//856 328//1496 327//394
f 328//1496 1470//856 1461//1497
f 659//859 1484//1949 657//857
f 660//862 1486//1950 659//860
f 660//862 661//863 1481//1951
f 1486//1950 660//862 1481//1951
f 659//859 1485//1952 1484//1949
f 659//859 1486//1950 1485//1952
f 1482//868 657//867 1484//1953
f 1482//868 1484//1949 1488//1954
f 1482//868 1488//1954 1489//1955
f 1485//1952 1483//1956 1484//1949
f 340//414 1481//1951 661//863
f 1481//1951 340//414 1180//1501
f 1494//1957 1481//1951 1180//1501
f 1486//1950 1481//1951 1493//1958
f 1487//1959 1485//1952 1493//1958
f 1493//1958 1485//1952 1486//1950
f 1484//1949 1483//1956 1488//1954
f 1489//1955 1490//878 1482//868
f 1490//1960 1489//1955 1501//1961
f 1501//1961 1489//1955 1488//1954
f 1483//1962 1491//1963 1488//1964
f 1492//1965 1498//1966 1483//1962
f 1483//1962 1498//1966 1491//1963
f 1487//1959 1492//1967 1483//1956
f 1485//1952 1487//1959 1483//1956
f 1494//1957 1493//1958 1481//1951
f 1494//1957 1180//1501 1190//1527
f 1495//1968 1494//1957 1190//1527
f 1493//1958 1494//1957 1495//1968
f 1493//1958 1495//1968 1503//1969
f 1487//1959 1503//1970 1496//1971
f 1492//1967 1496//1971 1497//1972
f 1492//1967 1487//1959 1496//1971
f 1492//1965 1497//1972 1498//1966
f 1491//1963 1498//1966 1499//1973
f 1502//1974 1499//1973 1498//1966
f 1491//1963 1499//1973 1500//1975
f 1491//1976 1500//1976 1488//1976
f 1500//1977 1501//1961 1488//1978
f 1478//1946 1501//1961 1500//1977
f 1501//1961 1478//1946 1480//1947
f 1497//1972 1496//1971 1498//1966
f 1503//1969 1487//1959 1493//1958
f 1504//1979 1495//1968 1190//1980
f 1505//1981 1496//1982 1529//1983
f 1529//1984 1496//1971 1503//1970
f 1529//1985 1503//1969 1495//1968
f 1498//1966 1496//1986 1506//1987
f 1506//1988 1496//1982 1505//1981
f 1506//1987 1502//1974 1498//1966
f 1507//1989 1502//1974 1506//1987
f 1508//1941 1502//1974 1507//1989
f 1502//1974 1508//1941 1499//1973
f 1508//1990 1477//1945 1499//1991
f 1499//1991 1477//1945 1500//1977
f 1477//1945 1478//1946 1500//1977
f 1479//1943 1478//1946 1477//1945
f 1501//1961 1480//1947 1490//1960
f 690//921 1480//1948 656//855
f 1509//1992 1508//1941 1507//1989
f 1508//1941 1509//1992 1471//1938
f 1471//1938 1509//1992 1512//1940
f 1509//1992 1507//1989 1510//1993
f 1509//1992 1510//1993 1512//1940
f 1511//1994 1510//1993 1514//1995
f 1515//1996 1510//1993 1507//1989
f 1515//1996 1507//1989 1506//1987
f 1518//1997 1511//1998 1513//1999
f 1510//1993 1511//1994 1512//1940
f 1472//1939 1511//2000 1518//2001
f 1472//1939 1518//2001 1468//1933
f 1472//1939 1512//1940 1511//1994
f 1514//1995 1513//2002 1511//1994
f 1515//1996 1514//2003 1510//1993
f 1513//2002 1514//1995 1521//2004
f 1516//2005 1513//2002 1521//2004
f 1466//2006 1518//1997 1513//1999
f 1513//2002 1516//2005 1517//2007
f 1466//1929 1513//2008 1517//2009
f 1518//1997 1467//2010 1468//2011
f 1467//2010 1518//1997 1466//2006
f 1525//2012 1457//1915 1466//1929
f 1525//2012 1466//1929 1517//2009
f 1516//2013 1525//2012 1517//2009
f 1519//2014 1525//2012 1516//2013
f 1520//2015 1524//2016 1519//2017
f 1520//2018 1519//2018 1516//2018
f 1521//2004 1520//2019 1516//2005
f 1515//2020 1521//2004 1514//1995
f 1515//2020 1522//2021 1521//2004
f 1505//1981 1522//2022 1515//2023
f 1506//1987 1505//2024 1515//1996
f 1521//2004 1522//2021 1523//2025
f 1523//2026 1520//2019 1521//2004
f 1526//2027 1525//2028 1519//2017
f 1458//1927 1466//1929 1457//1915
f 1525//2012 1526//2029 1457//1915
f 1524//2016 1527//2030 1526//2027
f 1519//2017 1524//2016 1526//2027
f 1523//2026 1528//1848 1524//2031
f 1520//2019 1523//2026 1524//2031
f 1529//2032 1530//2033 1523//2026
f 1522//2022 1529//1983 1523//2034
f 1505//1981 1529//1983 1522//2022
f 1529//1985 1504//1979 1530//2033
f 1531//2035 1528//1848 1523//2026
f 1531//2035 1523//2026 1530//2033
f 1409//1824 1528//1848 1531//2035
f 1408//1815 1409//1824 1531//2035
f 1527//2030 1524//2016 1532//2036
f 1532//2037 1524//2031 1528//1848
f 1445//1897 1457//1915 1526//2029
f 1526//2029 1442//1870 1445//1897
f 1533//1868 1442//1870 1526//2029
f 1532//2036 1533//2038 1527//2030
f 1532//2039 1534//2040 1533//1868
f 1527//2030 1533//2041 1526//2027
f 1421//1850 1534//1849 1532//2042
f 1409//1824 1410//2043 1528//1848
f 1528//1848 1421//1847 1532//2037
f 1431//1869 1533//1868 1534//2040
f 1534//2040 1420//2044 1431//1869
f 1531//2035 1401//1813 1408//1815
f 1530//2033 1535//2045 1401//1813
f 1530//2033 1401//1813 1531//2035
f 1401//1813 1535//2045 1539//1806
f 1535//2045 1536//2046 1538//2047
f 1539//1806 1535//2045 1538//2047
f 1535//2045 1537//2048 1536//2046
f 1537//2048 1535//2045 1504//1979
f 1504//1979 1535//2045 1530//2033
f 1537//2048 1540//1526 1536//2046
f 1536//2046 1540//1526 1538//2047
f 1541//1538 1539//1806 1538//2047
f 1195//1525 1538//2047 1540//1526
f 1540//1526 1537//2048 1190//1527
f 1537//2048 1504//1979 1190//1980
f 1495//1968 1504//1979 1529//1985
f 1180//1501 1183//1516 1190//1527
f 1195//1525 1541//1538 1538//2047
f 1542//1545 1543//1801 1541//1538
f 1541//1538 1543//1801 1389//1799
f 1544//2049 1543//1801 1542//1545
f 1545//1800 1543//1801 1544//2049
f 1200//1537 1544//2049 1542//1545
f 1200//2050 1547//2051 1544//2049
f 1545//1800 1544//2049 1548//1787
f 1548//1787 1544//2049 1546//2052
f 1546//2052 1544//2049 1547//2051
f 1547//1544 1549//1546 1205//2053
f 1546//2052 1547//2051 1205//2053
f 1205//2053 1379//1785 1546//2052
f 1548//1787 1546//2052 1379//1785
f 1379//1785 1205//2053 1213//1561
f 1213//1561 1205//2053 1549//1546
f 1550//1786 1379//1785 1213//1561
f 1379//1785 1380//1777 1548//1787
f 1551//2054 1213//1561 1212//1560
f 1551//2054 1550//1786 1213//1561
f 1220//1575 1551//2054 1212//1560
f 1552//2055 1553//2056 1220//1575
f 1220//1575 1553//2057 1551//2054
f 1553//2056 1554//1779 1550//1786
f 1553//2058 1550//1786 1551//2054
f 1550//1786 1554//1779 1375//1778
f 1554//1779 1553//2056 1376//1774
f 1214//1563 1221//1576 1552//2055
f 1221//1576 1230//1581 1552//2055
f 1220//1575 1214//1563 1552//2055
f 1238//1597 1553//2056 1552//2055
f 1238//1597 1376//1774 1553//2056
f 1376//1774 1238//1597 1252//1622
f 1552//2055 1230//1581 1238//2059
f 1437//1882 1168//1491 1170//1492
f 1556//1833 1555//1487 1168//1491
f 1416//1818 1159//1479 1555//1487
f 1555//1487 1556//1833 1416//1818
f 1396//1472 1155//1474 1397//2060
f 1150//1473 1396//1472 1395//1803
f 1394//1796 1557//2061 1395//1803
f 1395//1803 1557//2061 1150//1473
f 1145//1466 1150//1473 1558//2062
f 1144//1465 1146//1467 1067//1387
f 1563//2063 1558//2062 1150//1473
f 1557//2061 1563//2064 1150//1473
f 1557//2061 1394//1796 1560//2065
f 1560//2065 1394//1796 1559//1795
f 1563//2064 1557//2061 1560//2065
f 1561//2066 1146//1467 1145//1466
f 1558//2062 1561//2066 1145//2067
f 1562//1386 1561//2066 1558//2062
f 1561//2066 1060//1379 1146//1467
f 1060//1379 1067//1387 1146//1467
f 1060//1379 1561//2066 1059//1377
f 1562//1386 1054//1373 1059//1377
f 1561//2066 1562//1386 1059//1377
f 1558//2062 1563//2063 1562//1386
f 1564//2068 1559//1795 1384//1784
f 1385//1793 1564//2068 1384//1784
f 1560//2065 1559//1795 1564//2068
f 1567//2069 1560//2065 1564//2068
f 1563//2064 1560//2065 1567//2069
f 1565//1385 1562//1386 1563//2063
f 1562//1386 1565//1385 1058//1357
f 1563//2070 1566//2071 1565//1384
f 1567//2069 1566//2071 1563//2070
f 1569//2072 1564//2068 1385//1793
f 1564//2068 1566//2071 1567//2069
f 1566//2071 1564//2068 1569//2072
f 1570//1372 1566//2071 1569//2072
f 1570//1372 1565//1384 1566//2071
f 1568//1794 1053//2073 1385//1793
f 1571//1382 1053//1371 1568//1783
f 1568//1783 1373//1771 1372//1770
f 1372//1770 1571//1382 1568//1783
f 1385//1793 1053//1371 1569//2072
f 1569//2072 1053//1371 1046//1344
f 1570//1372 1569//2072 1046//1344
f 1372//1770 1062//1764 1571//1382
f 1571//1382 1062//1394 1051//1367
f 753//994 1171//1000 1573//2074
f 1575//2075 752//995 753//994
f 1575//2075 1572//1249 752//995
f 1573//2074 1575//2075 753//994
f 1574//1489 1576//1259 1573//2074
f 1576//1259 1574//1489 1578//2076
f 1575//2075 1573//2074 974//1248
f 1572//1249 973//1243 968//1242
f 114//142 1572//1249 968//1242
f 964//136 114//142 968//1242
f 752//995 1572//1249 114//142
f 1575//2075 974//1248 1572//1249
f 1576//1259 974//1248 1573//2074
f 1578//2076 1577//1266 1576//1259
f 1577//1266 987//1258 1576//1259
f 1576//1259 987//1258 978//1253
f 1577//1266 1579//1275 985//1261
f 1157//1476 1579//1275 1578//2076
f 1579//1275 1577//1266 1578//2076
f 1157//1476 1578//2076 1574//1489
f 1157//1476 1152//1462 1579//1275
f 1579//1275 988//1274 985//1261
f 1579//1275 1142//1458 994//1267
f 995//1276 1142//1458 1005//1290
f 1142//1458 995//1276 994//1267
f 1171//1000 1165//1483 1574//1489
f 1574//1489 1573//2074 1171//1000
f 759//999 1171//1000 753//994
f 320//389 1171//1000 319//390
f 1023//1324 1036//1325 1038//1346
f 1036//1325 1023//1324 1010//1296
f 1023//1324 1043//1353 1003//1287
f 1043//1353 1041//1352 1011//1297
f 1043//1353 1011//1297 1003//1287
f 1001//1286 1011//1297 1033//1342
f 1011//1297 1041//1352 1033//1342
f 763//1001 846//1083 1580//2077
f 763//1001 1580//2077 764//1002
f 764//1002 1580//2077 766//1004
f 1580//2077 953//1229 1582//2078
f 766//1004 1580//2077 1581//2079
f 769//1006 766//1004 1581//2079
f 1580//2077 1582//2078 1581//2079
f 1582//2078 953//1229 1612//2080
f 769//1006 1581//2079 1639//2081
f 1639//2081 1581//2079 1582//2078
f 771//1008 769//1006 1639//2081
f 774//1011 1583//1144 773//1012
f 1641//1010 773//1012 884//1134
f 1583//1144 884//1134 773//1012
f 1583//1144 774//1011 1584//1016
f 772//1013 1584//1016 774//1011
f 1584//1016 1585//1149 1583//1144
f 1583//1144 1585//1149 887//1143
f 1585//1149 1584//1016 1587//2082
f 1587//2082 1584//1016 1586//1017
f 1587//2082 1588//2083 1585//1149
f 1585//1149 1588//2083 892//1153
f 1585//1149 892//1153 888//1147
f 781//1019 1587//2082 1586//1017
f 892//1153 902//1162 894//1154
f 902//1162 892//1153 1589//2084
f 892//1153 1588//2083 1589//2084
f 782//1023 1591//2085 781//1019
f 781//1019 1591//2085 1587//2082
f 1591//2085 1592//2086 1587//2082
f 1587//2082 1592//2086 1588//2083
f 1589//2084 1588//2083 1592//2086
f 1590//1026 1591//2085 782//1023
f 1592//2086 1635//2087 1589//2084
f 1590//1026 1592//2086 1591//2085
f 1593//2088 1592//2086 1594//2089
f 1594//2089 1592//2086 1590//1026
f 1590//1026 786//1029 1594//2089
f 1590//1026 784//1025 786//1029
f 1594//2089 1595//2090 1637//2091
f 1594//2089 786//1029 1595//2090
f 788//1030 1595//2090 786//1029
f 788//1030 789//1031 1595//2090
f 1596//1034 1624//2092 789//1031
f 789//1031 1624//2092 1595//2090
f 1597//2093 1624//2092 1596//1034
f 1599//2094 1624//2092 1597//2093
f 1596//1034 794//1038 1597//2093
f 794//1038 1596//1034 790//1033
f 1599//2094 1597//2093 1598//2095
f 1598//2095 1597//2093 1600//2096
f 1600//2096 1597//2093 794//1038
f 1600//2096 794//1038 795//1037
f 795//1037 801//1046 1600//2096
f 1599//2094 1598//2095 1617//2097
f 801//1046 803//1048 1603//2098
f 801//1046 1603//2098 1600//2096
f 1600//2096 1603//2098 1601//2099
f 1598//2095 1600//2096 1601//2099
f 1598//2095 1601//2099 1602//2100
f 1602//2100 1617//2097 1598//2095
f 1605//2101 1601//2099 1603//2098
f 1605//2101 1602//2100 1601//2099
f 1617//2097 1602//2100 1604//2102
f 1640//2103 1605//2101 1603//2098
f 1640//2103 1609//2104 1605//2101
f 1605//2101 1609//2104 1607//2105
f 1605//2101 1607//2105 1602//2100
f 1602//2100 1607//2105 1604//2102
f 1608//2106 1610//2107 939//1212
f 1610//2107 1608//2106 1607//2105
f 1604//2102 1607//2105 1608//2106
f 1640//2103 1639//2081 1609//2104
f 1613//2108 1610//2107 1609//2104
f 1609//2104 1610//2107 1607//2105
f 1611//1211 1608//2106 939//1212
f 939//1212 1610//2107 941//1215
f 1610//2107 1613//2108 948//1221
f 1612//2080 1613//2108 1609//2104
f 1582//2078 1612//2080 1609//2104
f 938//1206 935//1205 939//1212
f 938//1206 939//1212 941//1215
f 1616//2109 1608//2106 1611//1211
f 935//1205 931//1199 1614//2110
f 1611//1211 935//1205 1614//2110
f 1604//2102 1608//2106 1616//2109
f 1616//2109 1611//1211 1618//2111
f 1611//1211 1614//2110 1615//2112
f 931//1199 928//1198 1614//2110
f 928//1198 1615//2112 1614//2110
f 1615//2112 1618//2111 1611//1211
f 1617//2097 1616//2109 1619//2113
f 1622//2114 1615//2112 928//1198
f 1618//2111 1619//2113 1616//2109
f 1604//2102 1616//2109 1617//2097
f 1620//2115 1618//2111 1615//2112
f 1622//2114 1620//2115 1615//2112
f 1618//2111 1620//2115 1619//2113
f 1619//2113 1620//2115 1625//2116
f 1619//2113 1621//2117 1599//2094
f 1619//2113 1599//2094 1617//2097
f 1619//2113 1625//2116 1621//2117
f 1620//2115 1622//2114 1630//2118
f 1630//2118 1623//2119 1620//2115
f 1620//2115 1623//2119 1625//2116
f 1624//2092 1599//2094 1621//2117
f 1621//2117 1625//2116 1627//2120
f 1627//2120 1625//2116 1623//2119
f 1621//2117 1627//2120 1626//2121
f 1621//2117 1626//2121 1624//2092
f 1628//2122 1626//2121 1627//2120
f 1626//2121 1637//2091 1624//2092
f 1637//2091 1626//2121 1628//2122
f 1627//2120 1623//2119 1629//2123
f 1629//2123 1623//2119 1630//2118
f 1630//2118 916//1183 1634//1180
f 1634//1180 1629//2123 1630//2118
f 1629//2123 1636//2124 1627//2120
f 1636//2124 1628//2122 1627//2120
f 1637//2091 1628//2122 1593//2088
f 1632//2125 916//1183 1630//2118
f 1632//2125 1631//1188 916//1183
f 1631//1188 913//1178 916//1183
f 1630//2118 1622//2114 1632//2125
f 1631//1188 1632//2125 1622//2114
f 924//1190 1631//1188 1622//2114
f 928//1198 924//1190 1622//2114
f 911//1172 1634//1180 916//1183
f 1634//1180 912//1170 1633//1171
f 1629//2123 1634//1180 1636//2124
f 1633//1171 1636//2124 1634//1180
f 1633//1171 902//1162 1635//2087
f 1635//2087 902//1162 1589//2084
f 1636//2124 1633//1171 1635//2087
f 1636//2124 1635//2087 1593//2088
f 1636//2124 1593//2088 1628//2122
f 1592//2086 1593//2088 1635//2087
f 1594//2089 1637//2091 1593//2088
f 1624//2092 1637//2091 1595//2090
f 902//1162 1633//1171 906//1161
f 945//1216 941//1215 948//1221
f 948//1221 941//1215 1610//2107
f 948//1221 1613//2108 1612//2080
f 1612//2080 1638//1222 948//1221
f 1612//2080 953//1229 952//1226
f 1638//1222 1612//2080 952//1226
f 1609//2104 1639//2081 1582//2078
f 771//1008 1639//2081 1606//2126
f 1640//2103 1606//2126 1639//2081
f 1603//2098 1606//2126 1640//2103
f 1603//2098 803//1048 1606//2126
f 844//1009 1606//2126 803//1048
f 771//1008 1606//2126 844//1009
f 1641//1010 884//1134 863//1105
f 951//1227 953//1229 1580//2077
f 951//1227 1580//2077 846//1083
f 1173//2127 1174//2127 329//2127
f 1343//1087 520//646 515//627
f 1479//1942 653//841 652//846
f 1490//879 1480//1948 690//921
f 1645//2128 1646//2129 1647//2130
f 1644//2131 1642//2132 1643//2133
f 1645//2128 1650//2134 1646//2129
f 1644//2131 1651//2135 1642//2132
f 1651//2135 1652//2136 1642//2132
f 1650//2134 1653//2137 1646//2129
f 1651//2135 1654//2138 1655//2139
f 1651//2135 1655//2139 1652//2136
f 1653//2137 1656//2140 1646//2129
f 1654//2138 1657//2141 1655//2139
f 1653//2137 1658//2142 1656//2140
f 1654//2138 1659//2143 1657//2141
f 1658//2142 1660//2144 1656//2145
f 1659//2143 1661//2146 1657//2141
f 1659//2143 1662//2147 1661//2146
f 1658//2142 1663//2148 1660//2144
f 1662//2149 1664//2150 1661//2146
f 1658//2142 1665//2151 1666//2152
f 1658//2142 1666//2152 1663//2148
f 1648//2153 1667//2154 1649//2155
f 1662//2149 1668//2156 1664//2150
f 1648//2153 1645//2128 1647//2130
f 1648//2153 1647//2130 1667//2154
f 1665//2151 1644//2131 1643//2133
f 1665//2151 1643//2133 1666//2152
f 1656//2157 1660//2158 1670//2159
f 1671//2160 1672//2161 1673//2162
f 1684//2163 1674//2164 1705//2165
f 1684//2163 1705//2165 1682//2166
f 1681//2167 1682//2166 1679//2168
f 1681//2167 1684//2163 1682//2166
f 1686//2169 1687//2170 1688//2171
f 1688//2171 1689//2172 1690//2173
f 1690//2173 1673//2162 1685//2174
f 1685//2174 1686//2169 1688//2171
f 1688//2171 1690//2173 1685//2174
f 1675//2175 1676//2176 1685//2174
f 1705//2165 1677//2177 1688//2171
f 1705//2165 1688//2171 1687//2170
f 1672//2161 1678//2178 1685//2174
f 1672//2161 1685//2174 1673//2162
f 1676//2176 1679//2168 1686//2169
f 1676//2176 1686//2169 1685//2174
f 1678//2178 1675//2175 1685//2174
f 1677//2177 1680//2179 1688//2171
f 1680//2180 1689//2172 1688//2171
f 1679//2168 1682//2181 1686//2169
f 1680//2180 1683//2182 1689//2172
f 1683//2182 1669//2183 1690//2173
f 1683//2182 1690//2173 1689//2172
f 1682//2181 1687//2170 1686//2169
f 1682//2181 1705//2165 1687//2170
f 1669//2183 1671//2184 1690//2173
f 1671//2160 1673//2162 1690//2173
f 1691//2185 1692//2186 1693//2187
f 1691//2185 1697//2188 1692//2186
f 1642//2132 1652//2136 1669//2183
f 1683//2182 1642//2132 1669//2183
f 1681//2167 1701//2189 1684//2163
f 1681//2167 1709//2190 1701//2189
f 1646//2129 1656//2140 1702//2191
f 1643//2133 1642//2132 1683//2182
f 1681//2167 1703//2192 1709//2190
f 1674//2164 1694//2193 1708//2194
f 1681//2167 1647//2130 1696//2195
f 1681//2167 1696//2195 1703//2192
f 1674//2164 1708//2194 1699//2196
f 1643//2133 1683//2182 1680//2180
f 1647//2130 1706//2197 1696//2195
f 1674//2164 1699//2196 1704//2198
f 1646//2129 1702//2191 1647//2130
f 1666//2152 1643//2133 1680//2179
f 1667//2154 1647//2130 1681//2167
f 1667//2154 1681//2167 1679//2168
f 1677//2177 1666//2152 1680//2179
f 1664//2150 1668//2156 1675//2175
f 1664//2150 1675//2175 1678//2178
f 1663//2148 1666//2152 1677//2177
f 1661//2146 1664//2150 1678//2178
f 1667//2154 1679//2168 1676//2176
f 1660//2144 1663//2148 1677//2177
f 1661//2146 1678//2178 1672//2161
f 1649//2155 1667//2154 1676//2176
f 1705//2165 1660//2158 1677//2177
f 1657//2141 1661//2146 1672//2161
f 1668//2156 1649//2155 1675//2175
f 1675//2175 1649//2155 1676//2176
f 1670//2159 1660//2158 1705//2165
f 1657//2141 1672//2161 1671//2160
f 1655//2139 1657//2141 1671//2160
f 1656//2157 1670//2159 1674//2164
f 1674//2164 1670//2159 1705//2165
f 1669//2183 1655//2139 1671//2184
f 1647//2130 1691//2185 1706//2197
f 1656//2140 1674//2164 1704//2198
f 1656//2140 1704//2198 1697//2188
f 1647//2130 1700//2199 1691//2185
f 1656//2140 1697//2188 1702//2191
f 1652//2136 1655//2139 1669//2183
f 1684//2163 1701//2189 1695//2200
f 1674//2164 1684//2163 1695//2200
f 1647//2130 1702//2191 1700//2199
f 1706//2197 1699//2201 1696//2195
f 1694//2193 1674//2164 1695//2200
f 1704//2198 1706//2197 1692//2186
f 1696//2195 1699//2196 1698//2202
f 1697//2188 1704//2198 1692//2186
f 1706//2197 1704//2201 1699//2201
f 1706//2197 1693//2187 1692//2186
f 1706//2197 1691//2185 1693//2187
f 1703//2192 1708//2194 1694//2193
f 1703//2192 1694//2193 1709//2190
f 1709//2190 1694//2193 1710//2203
f 1691//2185 1700//2199 1711//2204
f 1708//2194 1703//2192 1707//2205
f 1708//2194 1707//2205 1712//2206
f 1703//2192 1696//2195 1713//2207
f 1703//2192 1713//2207 1707//2205
f 1701//2189 1709//2190 1715//2207
f 1709//2190 1710//2203 1715//2207
f 1700//2199 1714//2186 1711//2204
f 1713//2207 1698//2202 1712//2206
f 1713//2207 1712//2206 1707//2205
f 1700//2199 1702//2191 1714//2186
f 1697//2188 1691//2185 1711//2204
f 1697//2188 1711//2204 1714//2186
f 1694//2193 1695//2200 1710//2203
f 1699//2196 1708//2194 1712//2206
f 1699//2196 1712//2206 1698//2202
f 1702//2191 1697//2188 1714//2186
f 1696//2195 1698//2202 1713//2207
f 1715//2207 1710//2203 1701//2189
f 1710//2203 1695//2200 1701//2189
f 1662//2149 1648//2153 1649//2155
f 1662//2149 1649//2155 1668//2156
f 1653//2137 1665//2151 1658//2142
f 1665//2151 1651//2135 1644//2131
f 1659//2143 1716//2208 1662//2147
f 1716//2208 1648//2153 1662//2147
f 1716//2208 1659//2143 1654//2138
f 1648//2153 1716//2208 1654//2138
f 1654//2138 1651//2135 1665//2151
f 1665//2151 1653//2137 1650//2134
f 1650//2134 1645//2128 1648//2153
f 1648//2153 1654//2138 1665//2151
f 1665//2151 1650//2134 1648//2153
